Time_AKST,rate
1/19/22 0:00,0.003088955
1/19/22 1:00,-0.00664016
1/19/22 2:00,0.003002105
1/19/22 3:00,0.00723375
1/19/22 4:00,0.001030991
1/19/22 5:00,-0.00645614
1/19/22 6:00,-0.00201874
1/19/22 7:00,0.000635781
1/19/22 8:00,0.001793476
1/19/22 9:00,0.014250556
1/19/22 10:00,0.005220797
1/19/22 11:00,-0.03518305
1/19/22 12:00,-0.01315571
1/19/22 13:00,-0.00080979
1/19/22 14:00,0.030313232
1/19/22 15:00,-0.01110226
1/19/22 16:00,-0.00215381
1/19/22 17:00,-0.00138259
1/19/22 18:00,0.106013806
1/19/22 19:00,0.109438196
1/19/22 20:00,0.221312318
1/19/22 21:00,0.204922564
1/19/22 22:00,0.048862822
1/19/22 23:00,0.168729026
1/20/22 0:00,0.074593579
1/20/22 1:00,0.010683097
1/20/22 2:00,0.103298732
1/20/22 3:00,0.141695443
1/20/22 4:00,0.061581442
1/20/22 5:00,0.108199608
1/20/22 6:00,0.044302795
1/20/22 7:00,0.010957214
1/20/22 8:00,0.015988439
1/20/22 9:00,0.016616013
1/20/22 10:00,0.01768626
1/20/22 11:00,0.042391116
1/20/22 12:00,0.072262613
1/20/22 13:00,0.083857404
1/20/22 14:00,0.072103316
1/20/22 15:00,0.04439149
1/20/22 16:00,0.036334539
1/20/22 17:00,0.046411106
1/20/22 18:00,0.017415414
1/20/22 19:00,0.017948092
1/20/22 20:00,0.045461093
1/20/22 21:00,0.018963595
1/20/22 22:00,0.012167794
1/20/22 23:00,0.0024767
1/21/22 0:00,-0.00573441
1/21/22 1:00,-0.02001804
1/21/22 2:00,0.019533849
1/21/22 3:00,0.012106166
1/21/22 4:00,0.027504154
1/21/22 5:00,0.044725788
1/21/22 6:00,0.044051937
1/21/22 7:00,0.057879849
1/21/22 8:00,0.055589367
1/21/22 9:00,0.030050065
1/21/22 10:00,0.04924749
1/21/22 11:00,0.172490896
1/21/22 12:00,0.108363475
1/21/22 13:00,0.007402027
1/21/22 14:00,0.003797032
1/21/22 15:00,0.033650997
1/21/22 16:00,-0.00588112
1/21/22 17:00,-0.00470543
1/21/22 18:00,-0.00546729
1/21/22 19:00,0.014819537
1/21/22 20:00,0.032634413
1/21/22 21:00,-0.01175486
1/21/22 22:00,-0.01804345
1/21/22 23:00,0.010244303
1/22/22 0:00,0.002814816
1/22/22 1:00,0.002636314
1/22/22 2:00,-0.01191715
1/22/22 3:00,0.227226678
1/22/22 4:00,0.148705143
1/22/22 5:00,0.108127402
1/22/22 6:00,0.119293984
1/22/22 7:00,0.158382625
1/22/22 8:00,0.184605596
1/22/22 9:00,0.245982047
1/22/22 10:00,0.129313765
1/22/22 11:00,0.107801224
1/22/22 12:00,0.10481228
1/22/22 13:00,0.031796665
1/22/22 14:00,0.045541071
1/22/22 15:00,0.1012205
1/22/22 16:00,0.100357113
1/22/22 17:00,0.056003972
1/22/22 18:00,0.101047483
1/22/22 19:00,0.083719026
1/22/22 20:00,0.052873933
1/22/22 21:00,0.063989521
1/22/22 22:00,0.050331895
1/22/22 23:00,0.068355316
1/23/22 0:00,0.05970423
1/23/22 1:00,0.050025551
1/23/22 2:00,0.061916278
1/23/22 3:00,0.049201986
1/23/22 4:00,0.124691622
1/23/22 5:00,0.180616154
1/23/22 6:00,0.114074707
1/23/22 7:00,0.093644887
1/23/22 8:00,0.146395709
1/23/22 9:00,0.157684885
1/23/22 10:00,0.160156706
1/23/22 11:00,0.161561635
1/23/22 12:00,0.129997864
1/23/22 13:00,0.075096295
1/23/22 14:00,0.045331546
1/23/22 15:00,0.036451923
1/23/22 16:00,0.024445091
1/23/22 17:00,0.0224979
1/23/22 18:00,0.0034403
1/23/22 19:00,-0.01254377
1/23/22 20:00,-0.02747571
1/23/22 21:00,-0.03092774
1/23/22 22:00,-0.05074949
1/23/22 23:00,-0.0537449
1/24/22 0:00,0.416565101
1/24/22 1:00,0.122634397
1/24/22 2:00,0.118168492
1/24/22 3:00,0.103894778
1/24/22 4:00,0.06151424
1/24/22 5:00,0
1/24/22 6:00,0
1/24/22 7:00,0.163512821
1/24/22 8:00,0.196540147
1/24/22 9:00,0.400139526
1/24/22 10:00,0.303270265
1/24/22 11:00,0.563334512
1/24/22 12:00,0.618930885
1/24/22 13:00,0.377846994
1/24/22 14:00,0.008671161
1/24/22 15:00,0.087066814
1/24/22 16:00,0.626628978
1/24/22 17:00,0.537358055
1/24/22 18:00,-0.01559577
1/24/22 19:00,-0.04487896
1/24/22 20:00,-0.00539901
1/24/22 21:00,-0.03322026
1/24/22 22:00,0.031794163
1/24/22 23:00,-0.01957084
1/25/22 0:00,-0.02209341
1/25/22 1:00,0.279495791
1/25/22 2:00,0.218788406
1/25/22 3:00,0.165401862
1/25/22 4:00,0.203441131
1/25/22 5:00,0.059836197
1/25/22 6:00,0.04345176
1/25/22 7:00,0.057957297
1/25/22 8:00,0.076727522
1/25/22 9:00,0.090999791
1/25/22 10:00,0.141148359
1/25/22 11:00,0.161777931
1/25/22 12:00,0.133968203
1/25/22 13:00,0.245662956
1/25/22 14:00,0.204084278
1/25/22 15:00,0.324053074
1/25/22 16:00,0.343857014
1/25/22 17:00,0.444969639
1/25/22 18:00,0.300883835
1/25/22 19:00,0.226827781
1/25/22 20:00,0.200383229
1/25/22 21:00,0.072083755
1/25/22 22:00,0.293955899
1/25/22 23:00,0.111492068
1/26/22 0:00,0.017091271
1/26/22 1:00,-0.01524114
1/26/22 2:00,0.009574651
1/26/22 3:00,-0.017692
1/26/22 4:00,0.051827641
1/26/22 5:00,-0.01016334
1/26/22 6:00,0.002542559
1/26/22 7:00,-0.02016977
1/26/22 8:00,0.012185488
1/26/22 9:00,-0.00031322
1/26/22 10:00,0.015272544
1/26/22 11:00,0.046898144
1/26/22 12:00,0.047464495
1/26/22 13:00,0.117444338
1/26/22 14:00,-0.00126569
1/26/22 15:00,-0.01825555
1/26/22 16:00,-0.0040375
1/26/22 17:00,0.004171162
1/26/22 18:00,0.003141635
1/26/22 19:00,0.007431794
1/26/22 20:00,-0.01880108
1/26/22 21:00,-0.01214597
1/26/22 22:00,-0.00422435
1/26/22 23:00,0.002631375
1/27/22 0:00,-0.00418155
1/27/22 1:00,-0.01593494
1/27/22 2:00,-0.01580395
1/27/22 3:00,-0.01232852
1/27/22 4:00,-0.01723663
1/27/22 5:00,-0.01179286
1/27/22 6:00,-0.00753461
1/27/22 7:00,-0.01424394
1/27/22 8:00,0.003956584
1/27/22 9:00,-0.00411752
1/27/22 10:00,-0.01331126
1/27/22 11:00,0.015415161
1/27/22 12:00,0.023463244
1/27/22 13:00,0.020436291
1/27/22 14:00,0.009107338
1/27/22 15:00,0.139079804
1/27/22 16:00,0.036146817
1/27/22 17:00,0.045376955
1/27/22 18:00,0.133661731
1/27/22 19:00,0.084682867
1/27/22 20:00,0.001435222
1/27/22 21:00,0
1/27/22 22:00,0
1/27/22 23:00,-0.02063561
1/28/22 0:00,-0.01858743
1/28/22 1:00,-0.01672983
1/28/22 2:00,0.177330973
1/28/22 3:00,0.19825869
1/28/22 4:00,0.23696455
1/28/22 5:00,0.305927478
1/28/22 6:00,0.196732322
1/28/22 7:00,0.157718073
1/28/22 8:00,0.249057253
1/28/22 9:00,0.237761621
1/28/22 10:00,0.179267805
1/28/22 11:00,0.142922632
1/28/22 12:00,0.212875456
1/28/22 13:00,0.292102534
1/28/22 14:00,0.296232493
1/28/22 15:00,0.144356679
1/28/22 16:00,0.262308597
1/28/22 17:00,0.291984455
1/28/22 18:00,0.170533238
1/28/22 19:00,0.142457137
1/28/22 20:00,0.260107879
1/28/22 21:00,0.294135376
1/28/22 22:00,0.074357456
1/28/22 23:00,0.069875814
1/29/22 0:00,0.031875254
1/29/22 1:00,0.029015372
1/29/22 2:00,0.030645255
1/29/22 3:00,0.06021401
1/29/22 4:00,0.035745234
1/29/22 5:00,-0.00094489
1/29/22 6:00,0.030618119
1/29/22 7:00,0.060284713
1/29/22 8:00,0.074993843
1/29/22 9:00,0.043266544
1/29/22 10:00,0.086285725
1/29/22 11:00,0.085834174
1/29/22 12:00,0.15072229
1/29/22 13:00,0.095164544
1/29/22 14:00,0.064305472
1/29/22 15:00,0.064064732
1/29/22 16:00,0.068147392
1/29/22 17:00,0.24523442
1/29/22 18:00,0.21735
1/29/22 19:00,0.082729572
1/29/22 20:00,0.033827082
1/29/22 21:00,0.031908468
1/29/22 22:00,-0.00058526
1/29/22 23:00,0.00465228
1/30/22 0:00,0.012806129
1/30/22 1:00,0.000720037
1/30/22 2:00,-0.00221859
1/30/22 3:00,0.002492446
1/30/22 4:00,0.00109808
1/30/22 5:00,0.003980925
1/30/22 6:00,0.000219946
1/30/22 7:00,-0.00855652
1/30/22 8:00,-0.00761755
1/30/22 9:00,-0.01095958
1/30/22 10:00,0.031276883
1/30/22 11:00,0.044514407
1/30/22 12:00,0.066589881
1/30/22 13:00,0.06650615
1/30/22 14:00,0.103767918
1/30/22 15:00,0.07114216
1/30/22 16:00,-0.00502558
1/30/22 17:00,-0.01867756
1/30/22 18:00,-0.00945339
1/30/22 19:00,0.008184366
1/30/22 20:00,-0.00113922
1/30/22 21:00,-0.00553359
1/30/22 22:00,0.030037459
1/30/22 23:00,0.006375737
1/31/22 0:00,0.00457023
1/31/22 1:00,-0.00533631
1/31/22 2:00,-0.0028207
1/31/22 3:00,-0.00378932
1/31/22 4:00,0.017998933
1/31/22 5:00,-0.00560601
1/31/22 6:00,-0.00554656
1/31/22 7:00,0.007044144
1/31/22 8:00,0.023359895
1/31/22 9:00,0.028875548
1/31/22 10:00,0.020712779
1/31/22 11:00,0.027524561
1/31/22 12:00,0.028822897
1/31/22 13:00,0.037766995
1/31/22 14:00,0.035238612
1/31/22 15:00,0.009783109
1/31/22 16:00,0.000885979
1/31/22 17:00,0.006643115
1/31/22 18:00,0.013380135
1/31/22 19:00,0.020940394
1/31/22 20:00,-0.00404317
1/31/22 21:00,-0.00667482
1/31/22 22:00,-0.00839799
1/31/22 23:00,-0.00256574
2/1/22 0:00,0.007094979
2/1/22 1:00,0.008202037
2/1/22 2:00,-0.00239868
2/1/22 3:00,-0.00717827
2/1/22 4:00,-0.004783
2/1/22 5:00,-0.01271157
2/1/22 6:00,-0.011055
2/1/22 7:00,-0.00225261
2/1/22 8:00,0.005236191
2/1/22 9:00,0.003636083
2/1/22 10:00,-0.00175109
2/1/22 11:00,0.011735462
2/1/22 12:00,0.019701465
2/1/22 13:00,0.025874714
2/1/22 14:00,0.00373099
2/1/22 15:00,0.05272996
2/1/22 16:00,0.039160235
2/1/22 17:00,0.034531834
2/1/22 18:00,-0.01467798
2/1/22 19:00,-0.00873542
2/1/22 20:00,-0.01025598
2/1/22 21:00,-0.0095275
2/1/22 22:00,0.001203533
2/1/22 23:00,-0.00148724
2/2/22 0:00,0.000248692
2/2/22 1:00,0.038917977
2/2/22 2:00,0.015020133
2/2/22 3:00,0.005300568
2/2/22 4:00,0.017558344
2/2/22 5:00,-0.01242838
2/2/22 6:00,-0.01075054
2/2/22 7:00,0.003091423
2/2/22 8:00,0.002183839
2/2/22 9:00,-0.00036498
2/2/22 10:00,0.015557525
2/2/22 11:00,0.065619724
2/2/22 12:00,0.038775473
2/2/22 13:00,0.035178782
2/2/22 14:00,0.018041516
2/2/22 15:00,-0.00094453
2/2/22 16:00,0.011355288
2/2/22 17:00,-0.00695285
2/2/22 18:00,0.010471598
2/2/22 19:00,0.017724035
2/2/22 20:00,0.013837158
2/2/22 21:00,0.003391794
2/2/22 22:00,0.034712782
2/2/22 23:00,0.032390711
2/3/22 0:00,-0.00892807
2/3/22 1:00,-0.00785657
2/3/22 2:00,0.024941441
2/3/22 3:00,0.004241513
2/3/22 4:00,0.003374173
2/3/22 5:00,0.000712294
2/3/22 6:00,0.019087887
2/3/22 7:00,0.047191202
2/3/22 8:00,0.039684848
2/3/22 9:00,0.012764508
2/3/22 10:00,0.002761987
2/3/22 11:00,0.046222035
2/3/22 12:00,0.038296555
2/3/22 13:00,0.033923038
2/3/22 14:00,0.355117684
2/3/22 15:00,0.334337476
2/3/22 16:00,0.29475501
2/3/22 17:00,0.215298696
2/3/22 18:00,0
2/3/22 19:00,0
2/3/22 20:00,0.156466938
2/3/22 21:00,0.144783986
2/3/22 22:00,0.113651494
2/3/22 23:00,0.103301247
2/4/22 0:00,0.103272699
2/4/22 1:00,0.102422116
2/4/22 2:00,0.177309601
2/4/22 3:00,0.26679622
2/4/22 4:00,0.0248812
2/4/22 5:00,0.049203533
2/4/22 6:00,0.030752844
2/4/22 7:00,0.040634159
2/4/22 8:00,0.042336402
2/4/22 9:00,0.10109976
2/4/22 10:00,0.121359634
2/4/22 11:00,0.177150816
2/4/22 12:00,0.195541698
2/4/22 13:00,0.125163048
2/4/22 14:00,0.13018129
2/4/22 15:00,0.201903493
2/4/22 16:00,0.069940216
2/4/22 17:00,0.065857532
2/4/22 18:00,0.060470635
2/4/22 19:00,0.078284129
2/4/22 20:00,0.143658164
2/4/22 21:00,0.307159819
2/4/22 22:00,0.263938603
2/4/22 23:00,0.341361537
2/5/22 0:00,0.306576079
2/5/22 1:00,0.288548008
2/5/22 2:00,0.195101534
2/5/22 3:00,0.09281059
2/5/22 4:00,0.167305609
2/5/22 5:00,0.117519298
2/5/22 6:00,0.060027299
2/5/22 7:00,0.112828042
2/5/22 8:00,0.076669357
2/5/22 9:00,0.041405297
2/5/22 10:00,0.135573134
2/5/22 11:00,0.072183479
2/5/22 12:00,0.19586462
2/5/22 13:00,0.292550776
2/5/22 14:00,0.134506359
2/5/22 15:00,0.151922526
2/5/22 16:00,0.248103024
2/5/22 17:00,0.287902516
2/5/22 18:00,0.136650277
2/5/22 19:00,0.129515918
2/5/22 20:00,0.170586622
2/5/22 21:00,0.120852626
2/5/22 22:00,0.126228866
2/5/22 23:00,0.109011774
2/6/22 0:00,0.127297564
2/6/22 1:00,0.098102501
2/6/22 2:00,0.101730583
2/6/22 3:00,0.087819938
2/6/22 4:00,0.084949041
2/6/22 5:00,0.06779253
2/6/22 6:00,0.074579489
2/6/22 7:00,0.068245998
2/6/22 8:00,0.119812791
2/6/22 9:00,0.111499861
2/6/22 10:00,0.119553078
2/6/22 11:00,0.146515139
2/6/22 12:00,0.186758321
2/6/22 13:00,0.250376126
2/6/22 14:00,0.248245474
2/6/22 15:00,0.177981099
2/6/22 16:00,0.232009688
2/6/22 17:00,0.236122877
2/6/22 18:00,0.197252465
2/6/22 19:00,0.246879142
2/6/22 20:00,0.19005223
2/6/22 21:00,0.12892499
2/6/22 22:00,0.042011632
2/6/22 23:00,0.057925096
2/7/22 0:00,0.112721704
2/7/22 1:00,0.233663716
2/7/22 2:00,0.215368051
2/7/22 3:00,0.241612925
2/7/22 4:00,0.187092751
2/7/22 5:00,0.218550885
2/7/22 6:00,0.204148163
2/7/22 7:00,0.211390204
2/7/22 8:00,0.197302862
2/7/22 9:00,0.176413231
2/7/22 10:00,0.161085736
2/7/22 11:00,0.120678063
2/7/22 12:00,0.13935391
2/7/22 13:00,0.162646643
2/7/22 14:00,0.168703639
2/7/22 15:00,0.188645681
2/7/22 16:00,0.21860729
2/7/22 17:00,0.225172133
2/7/22 18:00,0.201453649
2/7/22 19:00,0.187155395
2/7/22 20:00,0.202875177
2/7/22 21:00,0.10224943
2/7/22 22:00,0.092986561
2/7/22 23:00,0.096115993
2/8/22 0:00,0.084901063
2/8/22 1:00,0.106296786
2/8/22 2:00,0.068344482
2/8/22 3:00,0.094695397
2/8/22 4:00,0.210690885
2/8/22 5:00,0.064171818
2/8/22 6:00,0.11665589
2/8/22 7:00,0.199654809
2/8/22 8:00,0.157393468
2/8/22 9:00,0.023441961
2/8/22 10:00,0.110506424
2/8/22 11:00,0.251803021
2/8/22 12:00,0.089488942
2/8/22 13:00,0.100389806
2/8/22 14:00,0.248290524
2/8/22 15:00,0.27178545
2/8/22 16:00,0.283527458
2/8/22 17:00,0.202205095
2/8/22 18:00,0.13327615
2/8/22 19:00,0.136227795
2/8/22 20:00,0.104747931
2/8/22 21:00,0.066777049
2/8/22 22:00,0.090898096
2/8/22 23:00,0.090902734
2/9/22 0:00,0.086727416
2/9/22 1:00,0.086898534
2/9/22 2:00,0.091683939
2/9/22 3:00,0.095350425
2/9/22 4:00,0.077946847
2/9/22 5:00,0.091701107
2/9/22 6:00,0.155675656
2/9/22 7:00,0.176818342
2/9/22 8:00,0.135870217
2/9/22 9:00,0.102950834
2/9/22 10:00,0.097089154
2/9/22 11:00,0.157885173
2/9/22 12:00,0.138690596
2/9/22 13:00,0
2/9/22 14:00,0
2/9/22 15:00,0
2/9/22 16:00,0.158719878
2/9/22 17:00,0.128793448
2/9/22 18:00,0.109977045
2/9/22 19:00,0.128483126
2/9/22 20:00,0.153934772
2/9/22 21:00,0.160633907
2/9/22 22:00,0.210706187
2/9/22 23:00,0.233087627
2/10/22 0:00,0.182065469
2/10/22 1:00,0.210312923
2/10/22 2:00,0.224560839
2/10/22 3:00,0.124765414
2/10/22 4:00,0.015064833
2/10/22 5:00,0.108230246
2/10/22 6:00,0.043780884
2/10/22 7:00,0.131253504
2/10/22 8:00,0.206460384
2/10/22 9:00,0.204878555
2/10/22 10:00,0.189485416
2/10/22 11:00,0.170750682
2/10/22 12:00,0.173754423
2/10/22 13:00,0.178782704
2/10/22 14:00,0.172855284
2/10/22 15:00,0.210395128
2/10/22 16:00,0.179196653
2/10/22 17:00,0.003666413
2/10/22 18:00,0.086924545
2/10/22 19:00,0.041319989
2/10/22 20:00,0.064801807
2/10/22 21:00,0.048767674
2/10/22 22:00,0.108246082
2/10/22 23:00,0.143825354
2/11/22 0:00,0.039502586
2/11/22 1:00,0.103416688
2/11/22 2:00,0.16957966
2/11/22 3:00,0.043197949
2/11/22 4:00,0.021193213
2/11/22 5:00,0.013621981
2/11/22 6:00,0.010935221
2/11/22 7:00,0.012492956
2/11/22 8:00,0.13597378
2/11/22 9:00,0.230790689
2/11/22 10:00,0.267115642
2/11/22 11:00,0.275522049
2/11/22 12:00,0.323500916
2/11/22 13:00,0.322026457
2/11/22 14:00,0.371898687
2/11/22 15:00,0.349145822
2/11/22 16:00,0.15879752
2/11/22 17:00,0.013273178
2/11/22 18:00,0.213702525
2/11/22 19:00,0.295062174
2/11/22 20:00,0.201450562
2/11/22 21:00,0.074618339
2/11/22 22:00,0.110388008
2/11/22 23:00,0.032342698
2/12/22 0:00,0.142179377
2/12/22 1:00,0.034874383
2/12/22 2:00,0.003474862
2/12/22 3:00,-0.00084269
2/12/22 4:00,-0.03221229
2/12/22 5:00,0.223097854
2/12/22 6:00,0.103619851
2/12/22 7:00,0.128319816
2/12/22 8:00,0.121567159
2/12/22 9:00,0.114820833
2/12/22 10:00,0.102305002
2/12/22 11:00,0.184047199
2/12/22 12:00,0.167426118
2/12/22 13:00,0.157852368
2/12/22 14:00,0.119387566
2/12/22 15:00,0.128558918
2/12/22 16:00,0.172256054
2/12/22 17:00,0.228988254
2/12/22 18:00,0.219546332
2/12/22 19:00,0.069738016
2/12/22 20:00,-0.0020529
2/12/22 21:00,-0.01203446
2/12/22 22:00,-0.01849133
2/12/22 23:00,0.016452555
2/13/22 0:00,0.006983753
2/13/22 1:00,0.169758329
2/13/22 2:00,0.165172534
2/13/22 3:00,0.160608277
2/13/22 4:00,0.106642169
2/13/22 5:00,0.066239968
2/13/22 6:00,0.105734491
2/13/22 7:00,0.105719299
2/13/22 8:00,0.23268534
2/13/22 9:00,0.191531093
2/13/22 10:00,0.172979281
2/13/22 11:00,0.155447951
2/13/22 12:00,0.177805553
2/13/22 13:00,0.21836589
2/13/22 14:00,0.180966655
2/13/22 15:00,0.192020028
2/13/22 16:00,0.113632779
2/13/22 17:00,0.128508716
2/13/22 18:00,0.115039914
2/13/22 19:00,0.146165927
2/13/22 20:00,0.145841439
2/13/22 21:00,0.255065625
2/13/22 22:00,0.227621539
2/13/22 23:00,0.058994101
2/14/22 0:00,0.127629677
2/14/22 1:00,0.01206927
2/14/22 2:00,0.005101936
2/14/22 3:00,0.011129712
2/14/22 4:00,0.06602389
2/14/22 5:00,0.102879248
2/14/22 6:00,0.089476693
2/14/22 7:00,0.023672751
2/14/22 8:00,0.024611214
2/14/22 9:00,0.018635427
2/14/22 10:00,0.058356946
2/14/22 11:00,0.067016895
2/14/22 12:00,0.103214571
2/14/22 13:00,0.102949217
2/14/22 14:00,0.128881036
2/14/22 15:00,0.108225665
2/14/22 16:00,0.03150065
2/14/22 17:00,0.001466613
2/14/22 18:00,-0.00786998
2/14/22 19:00,-0.00527336
2/14/22 20:00,0.010931435
2/14/22 21:00,0.008851051
2/14/22 22:00,0.016364486
2/14/22 23:00,0.150239037
2/15/22 0:00,-0.00173675
2/15/22 1:00,0.21251099
2/15/22 2:00,0.301075285
2/15/22 3:00,0.304270353
2/15/22 4:00,0.30518307
2/15/22 5:00,0.269278597
2/15/22 6:00,0.31978261
2/15/22 7:00,0.320944869
2/15/22 8:00,0.27145883
2/15/22 9:00,0.233932777
2/15/22 10:00,0.35240739
2/15/22 11:00,0.235003207
2/15/22 12:00,0.229252994
2/15/22 13:00,0.140782698
2/15/22 14:00,0.158737755
2/15/22 15:00,0.130160395
2/15/22 16:00,0.168161301
2/15/22 17:00,0.245337955
2/15/22 18:00,0.152141486
2/15/22 19:00,0.080640191
2/15/22 20:00,-0.00550035
2/15/22 21:00,-0.00314154
2/15/22 22:00,-0.00821471
2/15/22 23:00,-0.01901653
2/16/22 0:00,-0.01974687
2/16/22 1:00,-0.01877506
2/16/22 2:00,-0.00644521
2/16/22 3:00,0.001829437
2/16/22 4:00,-0.019119
2/16/22 5:00,-0.00203664
2/16/22 6:00,0.044016865
2/16/22 7:00,0.025854925
2/16/22 8:00,-0.01783437
2/16/22 9:00,0.033938055
2/16/22 10:00,0.107562047
2/16/22 11:00,0.29792344
2/16/22 12:00,0.448857084
2/16/22 13:00,0.247231198
2/16/22 14:00,0.160547754
2/16/22 15:00,0.1242383
2/16/22 16:00,0.180975245
2/16/22 17:00,0.185721338
2/16/22 18:00,0.23595865
2/16/22 19:00,0.286240039
2/16/22 20:00,0.224378849
2/16/22 21:00,0.172121644
2/16/22 22:00,0.259810352
2/16/22 23:00,0.110962154
2/17/22 0:00,0.041854475
2/17/22 1:00,0.069889747
2/17/22 2:00,0.142876212
2/17/22 3:00,0.114880723
2/17/22 4:00,0.078352908
2/17/22 5:00,0.064691083
2/17/22 6:00,0.048835717
2/17/22 7:00,0.068314743
2/17/22 8:00,0.074238507
2/17/22 9:00,0.048039432
2/17/22 10:00,0.166356089
2/17/22 11:00,0.122529924
2/17/22 12:00,0.230765174
2/17/22 13:00,0.357346662
2/17/22 14:00,0.47059272
2/17/22 15:00,0
2/17/22 16:00,0
2/17/22 17:00,0
2/17/22 18:00,0.296145293
2/17/22 19:00,0.257873374
2/17/22 20:00,0.308210444
2/17/22 21:00,0.26957774
2/17/22 22:00,0.450584985
2/17/22 23:00,0.511366853
2/18/22 0:00,0.525547845
2/18/22 1:00,0.453902762
2/18/22 2:00,0.371459395
2/18/22 3:00,0.344094281
2/18/22 4:00,0.403952153
2/18/22 5:00,0.404361924
2/18/22 6:00,0.258108567
2/18/22 7:00,0.300195298
2/18/22 8:00,0.44493874
2/18/22 9:00,0.301336217
2/18/22 10:00,0.252908097
2/18/22 11:00,0.201091967
2/18/22 12:00,0.142839621
2/18/22 13:00,0.151680788
2/18/22 14:00,0.150718136
2/18/22 15:00,0.170534647
2/18/22 16:00,0.197877098
2/18/22 17:00,0.330338954
2/18/22 18:00,0.2946586
2/18/22 19:00,0.275430592
2/18/22 20:00,0.286827247
2/18/22 21:00,0.309032761
2/18/22 22:00,0.235605896
2/18/22 23:00,0.134053779
2/19/22 0:00,0.024080647
2/19/22 1:00,0.15932444
2/19/22 2:00,0.190808793
2/19/22 3:00,0.031442659
2/19/22 4:00,0.003216657
2/19/22 5:00,0.01915926
2/19/22 6:00,0.013948436
2/19/22 7:00,0.05449778
2/19/22 8:00,0.003509673
2/19/22 9:00,0.027367069
2/19/22 10:00,0.14260639
2/19/22 11:00,0.178828631
2/19/22 12:00,0.263578667
2/19/22 13:00,0.355669786
2/19/22 14:00,0.258704953
2/19/22 15:00,0.310897064
2/19/22 16:00,0.301227118
2/19/22 17:00,0.129510695
2/19/22 18:00,0.021464274
2/19/22 19:00,0.040651216
2/19/22 20:00,0.023323222
2/19/22 21:00,0.130278948
2/19/22 22:00,0.004077212
2/19/22 23:00,0.00286664
2/20/22 0:00,0.0184592
2/20/22 1:00,0.004486889
2/20/22 2:00,-0.00646699
2/20/22 3:00,0.023006289
2/20/22 4:00,0.015338723
2/20/22 5:00,0.077109151
2/20/22 6:00,0.002182668
2/20/22 7:00,-0.01497588
2/20/22 8:00,0.017822159
2/20/22 9:00,0.034391653
2/20/22 10:00,0.138894584
2/20/22 11:00,0.082603358
2/20/22 12:00,0.306811664
2/20/22 13:00,0.345626673
2/20/22 14:00,0.415948453
2/20/22 15:00,0.379218407
2/20/22 16:00,0.192806662
2/20/22 17:00,0.083199335
2/20/22 18:00,0.03875504
2/20/22 19:00,0.06190972
2/20/22 20:00,0.038804404
2/20/22 21:00,0.037126216
2/20/22 22:00,0.060911646
2/20/22 23:00,0.038076972
2/21/22 0:00,0.070846627
2/21/22 1:00,0.095622122
2/21/22 2:00,0.042413284
2/21/22 3:00,0.031664958
2/21/22 4:00,0.111342324
2/21/22 5:00,0.157026131
2/21/22 6:00,0.381341917
2/21/22 7:00,0.262480494
2/21/22 8:00,0.087289247
2/21/22 9:00,0.083619488
2/21/22 10:00,0.272152227
2/21/22 11:00,0.377648092
2/21/22 12:00,0.522382342
2/21/22 13:00,0.444818038
2/21/22 14:00,0.500607785
2/21/22 15:00,0.620119136
2/21/22 16:00,0.478332056
2/21/22 17:00,0.660401265
2/21/22 18:00,0.699066168
2/21/22 19:00,0.67321257
2/21/22 20:00,0.582356436
2/21/22 21:00,0.467031547
2/21/22 22:00,0.449485141
2/21/22 23:00,0.523240411
2/22/22 0:00,0.517273256
2/22/22 1:00,0.485277591
2/22/22 2:00,0.52024547
2/22/22 3:00,0.46966318
2/22/22 4:00,0.384534309
2/22/22 5:00,0.433408871
2/22/22 6:00,0.421593209
2/22/22 7:00,0.431943618
2/22/22 8:00,0.541302893
2/22/22 9:00,0.43518412
2/22/22 10:00,0.321668263
2/22/22 11:00,0.359394985
2/22/22 12:00,0
2/22/22 13:00,0
2/22/22 14:00,0
2/22/22 15:00,0.176423225
2/22/22 16:00,0.227699547
2/22/22 17:00,0.427735487
2/22/22 18:00,0.356203973
2/22/22 19:00,0.390692338
2/22/22 20:00,0.320418469
2/22/22 21:00,0.241910142
2/22/22 22:00,0.216973946
2/22/22 23:00,0.211770984
2/23/22 0:00,0.248498635
2/23/22 1:00,0.328506126
2/23/22 2:00,0.089790977
2/23/22 3:00,0.030721061
2/23/22 4:00,-0.03604544
2/23/22 5:00,-0.03238763
2/23/22 6:00,-0.02669283
2/23/22 7:00,-0.02651168
2/23/22 8:00,-0.01948072
2/23/22 9:00,-0.01231056
2/23/22 10:00,0.006720756
2/23/22 11:00,0.051927857
2/23/22 12:00,0.103977132
2/23/22 13:00,0.045662057
2/23/22 14:00,0.113574981
2/23/22 15:00,0.16095859
2/23/22 16:00,-0.0056411
2/23/22 17:00,0.001250572
2/23/22 18:00,-0.01388285
2/23/22 19:00,-0.01687951
2/23/22 20:00,-0.0454007
2/23/22 21:00,-0.00758808
2/23/22 22:00,-0.03767785
2/23/22 23:00,-0.04451122
2/24/22 0:00,-0.05080207
2/24/22 1:00,-0.03767204
2/24/22 2:00,-0.03900929
2/24/22 3:00,-0.030905
2/24/22 4:00,-0.0255696
2/24/22 5:00,-0.0336544
2/24/22 6:00,-0.0244333
2/24/22 7:00,-0.03283718
2/24/22 8:00,-0.03784493
2/24/22 9:00,-0.00505259
2/24/22 10:00,-0.00282694
2/24/22 11:00,0.082922776
2/24/22 12:00,0.042149103
2/24/22 13:00,-0.01231458
2/24/22 14:00,0.049469921
2/24/22 15:00,0.021978079
2/24/22 16:00,-0.00934902
2/24/22 17:00,-0.01170535
2/24/22 18:00,0.046862325
2/24/22 19:00,0.020595199
2/24/22 20:00,-0.01108039
2/24/22 21:00,-0.00823092
2/24/22 22:00,-0.01172086
2/24/22 23:00,-0.00900464
2/25/22 0:00,-0.03163143
2/25/22 1:00,-0.01775412
2/25/22 2:00,-0.0048334
2/25/22 3:00,-0.01106129
2/25/22 4:00,-0.00044929
2/25/22 5:00,-0.01490353
2/25/22 6:00,0.003900129
2/25/22 7:00,-0.02194063
2/25/22 8:00,0.01762864
2/25/22 9:00,0.054947359
2/25/22 10:00,0.034786413
2/25/22 11:00,0.298984827
2/25/22 12:00,0.426410334
2/25/22 13:00,0.564439669
2/25/22 14:00,0.681779852
2/25/22 15:00,0.42184459
2/25/22 16:00,0.562626942
2/25/22 17:00,0.391853799
2/25/22 18:00,0.491314392
2/25/22 19:00,0.663899622
2/25/22 20:00,0.367364239
2/25/22 21:00,0.018250255
2/25/22 22:00,0.042076604
2/25/22 23:00,0.672888853
2/26/22 0:00,0.617548901