Time_AKST,BB-SL,HO,Aged,BB-LL,O3,Traffic
01/19/22 00:00,0.71513,0.66074,2.2168,1.3368,-0.2,0.66306
01/19/22 01:00,0.20554,0.53099,2.3173,1.1698,-0.2,0.5688
01/19/22 02:00,0.29771,0.72424,2.1889,0.5529,-0.2,0.16251
01/19/22 03:00,0.44026,0.61797,2.1589,1.0099,-0.2,0.14269
01/19/22 04:00,0.9367,0.36282,2.3588,1.1505,-0.2,0.98378
01/19/22 05:00,0.66019,0.46766,2.3899,0.66336,-0.2,1.211
01/19/22 06:00,0.87821,0.76259,2.208,1.225,-0.2,1.2089
01/19/22 07:00,0.31624,0.98259,2.0568,1.1939,-0.2,3.0261
01/19/22 08:00,0.96992,1.8665,0.95327,1.2555,0.6632,4.8126
01/19/22 09:00,1.9022,1.9856,1.636,0.65595,-0.2,3.8978
01/19/22 10:00,1.1736,2.8673,1.0959,1.0139,-0.2,3.9648
01/19/22 11:00,0.88697,1.2798,1.9718,1.6762,-0.2,2.387
01/19/22 12:00,0.51594,0.88805,2.3087,1.3463,-0.2,3.7141
01/19/22 13:00,1.0825,1.7685,1.8509,0.6227,-0.2,2.6608
01/19/22 14:00,2.641,2.0048,1.4691,1.2839,0.10007,2.3773
01/19/22 15:00,3.6524,2.9469,0.91929,1.7829,0.047993,2.7906
01/19/22 16:00,2.4055,2.5067,1.269,1.0665,0.0053132,3.9191
01/19/22 17:00,2.3651,2.035,1.3584,1.9661,0.010674,2.9135
01/19/22 18:00,0.83008,1.1106,1.7286,2.0161,0.057747,2.0338
01/19/22 19:00,1.1953,1.1532,1.4292,3.0537,0.16013,0.73972
01/20/22 00:00,0.46628,1.2019,1.2983,1.4239,0.42249,0.096866
01/20/22 01:00,1.5618,1.5614,1.4194,1.6434,0.16089,0.011248
01/20/22 02:00,0.79598,0.51902,1.6141,1.0558,0.49031,0.34832
01/20/22 03:00,0.15179,0.67908,1.3319,0.82465,0.72227,0.19736
01/20/22 04:00,0.05896,0.77863,1.1528,1.334,0.69855,0.013105
01/20/22 05:00,-0.0023633,0.43834,0.96365,1.1405,1.2652,-0.10731
01/20/22 06:00,0.351,2.7092,0.8831,1.1399,0.070092,0.46286
01/20/22 07:00,1.5093,4.2687,0.16479,1.4868,0.00057161,1.86
01/20/22 08:00,1.3452,3.5395,0.56511,1.7365,0.0090291,2.0885
01/20/22 09:00,1.0948,2.1715,1.218,1.1524,0.0039588,1.9341
01/20/22 10:00,1.1449,1.7165,1.4781,1.4477,0.024716,2.0629
01/20/22 11:00,2.4845,1.643,1.457,1.9041,0.099465,1.5172
01/20/22 12:00,3.1513,2.2407,1.2542,1.7142,0.078488,3.0715
01/20/22 13:00,4.2454,2.3441,1.2579,1.54,0.066449,3.6515
01/20/22 14:00,5.638,2.1921,1.225,2.3722,0.043948,3.9146
01/20/22 15:00,0.54494,-0.2,2.6813,-0.2,0.048815,2.774
01/20/22 18:00,0.93729,2.5949,1.0777,1.6489,-0.052115,5.7696
01/20/22 19:00,1.2144,0.87016,1.9094,2.3067,-0.037037,3.95
01/20/22 20:00,2.8832,1.0674,1.7477,2.462,-0.018362,2.4818
01/20/22 21:00,0.5666,0.87354,1.8332,1.3902,0.015293,2.2571
01/20/22 22:00,0.57475,0.47319,1.9654,1.7325,0.07456,0.60694
01/20/22 23:00,3.9454,2.7926,0.76886,2.2921,0.02293,0.56378
01/21/22 00:00,2.7953,1.2579,1.5754,2.2413,0.029834,0.68682
01/21/22 01:00,2.0342,1.1477,1.5711,1.6024,0.16285,0.14197
01/21/22 02:00,1.5323,0.78836,1.6132,1.8942,0.32705,0.033698
01/21/22 03:00,2.7383,1.515,1.5119,2.0679,0.042329,0.21941
01/21/22 04:00,1.506,1.1412,1.7458,2.0202,0.057727,0.20377
01/21/22 05:00,0.90472,2.3414,1.1669,1.489,0.032096,1.2681
01/21/22 06:00,0.43326,1.501,1.5337,1.7998,0.045977,1.68
01/21/22 07:00,1.6136,1.6093,1.5064,1.8337,0.033238,2.16
01/21/22 08:00,1.2376,0.90969,1.8905,1.2793,0.025167,2.2061
01/21/22 09:00,1.8042,1.0604,1.7009,1.8119,0.064523,1.0292
01/21/22 10:00,1.7871,1.0324,1.6453,2.0515,0.12635,2.0011
01/21/22 11:00,0.21915,0.41674,1.5614,1.8843,0.66314,0.38141
01/21/22 12:00,0.38505,0.3359,1.3182,1.3817,1.092,0.24074
01/21/22 13:00,0.054826,-0.2,0.93976,1.64,1.8594,0.27891
01/21/22 14:00,0.12514,0.19193,2.0643,2.4036,0.1758,1.3749
01/21/22 15:00,0.35209,-0.2,2.3792,2.6628,0.017919,3.2994
01/21/22 16:00,0.95628,0.22676,2.2571,2.1882,-0.03459,4.2755
01/21/22 17:00,0.99569,0.063796,2.313,2.7609,-0.023479,4.7151
01/21/22 18:00,-0.085537,-0.2,2.5492,2.5788,-0.067146,5.3482
01/21/22 19:00,0.36818,0.09525,2.3918,1.9822,-0.065719,5.7346
01/21/22 20:00,0.60356,0.78202,1.8976,2.4279,-0.065572,6.072
01/21/22 21:00,3.2497,1.8237,1.256,2.9377,-0.032394,3.9883
01/21/22 22:00,3.6123,0.97381,1.6408,3.001,0.010682,1.9248
01/21/22 23:00,3.3783,0.59311,1.9934,1.8889,0.0042687,2.4527
01/22/22 00:00,1.1358,0.38941,2.0885,2.5529,-0.0066091,2.7258
01/22/22 01:00,3.6578,0.2378,2.064,2.6787,-0.0050122,3.082
01/22/22 02:00,3.1575,0.43628,1.9464,2.9526,-0.020452,2.9892
01/22/22 03:00,1.2412,0.41159,1.994,1.919,0.033737,2.3535
01/22/22 04:00,0.20807,0.066996,0.3814,1.5324,2.2492,-0.18733
01/22/22 05:00,0.16961,0.012954,0.18086,1.3938,2.6447,-0.2
01/22/22 06:00,0.088671,0.0069508,0.31525,0.74366,2.4938,-0.040308
01/22/22 07:00,0.25642,-0.0082576,0.21954,1.2551,2.5639,-0.078848
01/22/22 08:00,0.093354,0.013985,0.48125,1.4784,2.3241,-0.047977
01/22/22 09:00,0.26418,0.45677,0.46603,1.6751,1.92,0.13166
01/22/22 10:00,0.71782,1.193,0.5331,2.1489,1.2078,-0.12076
01/22/22 11:00,1.0404,1.5559,0.92265,2.1265,0.81106,0.074756
01/22/22 12:00,0.2174,0.61219,1.4416,1.9821,0.49797,0.58287
01/22/22 13:00,0.12914,1.6583,1.1365,1.337,0.58926,0.30696
01/22/22 14:00,0.27825,1.0189,1.8723,2.1957,0.27224,1.1904
01/22/22 15:00,0.010589,0.22619,2.6553,2.1887,0.036482,2.333
01/22/22 16:00,0.16302,0.58171,2.6998,2.2844,-0.0054474,2.6853
01/22/22 17:00,0.094403,1.3005,2.0578,1.6849,0.018357,1.5754
01/22/22 18:00,-0.024028,1.098,2.0606,2.0527,0.025265,0.86213
01/22/22 19:00,0.65648,1.3697,1.9996,2.1565,0.029747,0.42955
01/22/22 20:00,2.0288,1.3618,2.1315,1.7404,0.051741,0.3066
01/22/22 21:00,0.88259,0.91137,2.1724,1.6603,0.65328,0.6691
01/22/22 22:00,0.7901,0.84541,1.8576,1.9674,0.27265,0.66838
01/22/22 23:00,1.3476,0.82558,1.3895,1.8799,0.76023,0.80684
01/23/22 00:00,0.90455,1.4758,2.1369,1.2217,0.083601,0.32858
01/23/22 01:00,0.63992,1.2367,2.3717,1.8744,-0.2,0.66743
01/23/22 02:00,1.9033,1.4763,2.6252,2.0076,-0.2,0.68254
01/23/22 03:00,2.3661,2.0139,3.6066,1.9499,-0.2,0.85626
01/23/22 04:00,1.0697,2.3462,2.6329,1.4221,-0.2,0.029545
01/23/22 05:00,1.3786,1.0628,1.7359,1.8515,-0.074601,-0.2
01/23/22 06:00,0.24462,0.2635,0.39612,1.4286,1.8997,-0.2
01/23/22 07:00,0.18047,0.090651,0.26277,0.87133,2.0881,-0.13183
01/23/22 08:00,0.26511,0.17921,0.49271,1.2554,1.5612,-0.11237
01/23/22 09:00,0.48406,0.47605,0.4459,1.5712,2.106,0.62182
01/23/22 10:00,0.65406,0.35008,0.80258,1.6821,1.6414,0.30738
01/23/22 11:00,0.11083,0.67253,1.4955,0.98361,0.55783,0.14397
01/23/22 12:00,0.29134,0.76081,1.4085,1.6871,0.22368,-0.065414
01/23/22 13:00,0.39762,0.5486,1.3172,1.7629,0.36688,0.30103
01/23/22 14:00,1.369,0.25702,1.7382,2.1272,0.19503,1.407
01/23/22 15:00,2.1178,1.2573,1.5143,2.6173,0.04235,1.6891
01/23/22 16:00,3.2524,2.0738,1.1203,2.7131,-0.0065644,2.0847
01/23/22 17:00,2.1559,2.2904,1.0388,2.6701,-0.015574,2.9366
01/23/22 18:00,1.1476,2.9378,0.72269,1.6796,-0.010241,2.3866
01/23/22 19:00,2.2617,2.5069,0.92357,2.3109,-0.031799,3.6867
01/23/22 20:00,1.1962,1.3577,1.5877,2.2352,-0.036716,4.2441
01/23/22 21:00,0.32934,0.70139,0.97701,2.1533,1.1696,3.9138
01/23/22 22:00,0.14413,-0.1018,-0.077265,0.93624,3.0236,-0.038816
01/23/22 23:00,0.23657,-0.14242,0.31347,1.6951,2.7778,-0.072192
01/24/22 00:00,0.20444,-0.13652,-0.2,1.6078,3.2313,-0.14999
01/24/22 01:00,0.18124,-0.12798,-0.14878,1.6249,3.1937,-0.16738
01/24/22 02:00,0.11144,-0.13691,-0.10568,0.95499,3.0473,-0.032369
01/24/22 03:00,0.2094,-0.14043,-0.12596,1.5969,3.1579,-0.1485
01/24/22 04:00,0.20179,-0.13864,-0.17861,1.5704,3.2426,-0.15007
01/24/22 05:00,0.073122,-0.12783,-0.10257,0.7881,3.0921,-0.010231
01/24/22 06:00,0.1562,-0.17741,-0.1566,1.3803,3.2682,-0.054895
01/24/22 07:00,0.19223,-0.14386,-0.1547,1.5684,3.2832,-0.14199
01/24/22 08:00,0.17395,-0.13917,-0.1316,1.5211,3.2818,-0.13707
01/24/22 09:00,0.059792,-0.10942,-0.047632,0.77997,3.1062,-0.022197
01/24/22 10:00,0.19432,-0.15415,-0.16119,1.5207,3.3363,-0.12413
01/24/22 11:00,0.20851,-0.13074,-0.05358,1.7023,3.2305,-0.16614
01/24/22 12:00,0.2016,-0.16357,-0.057449,1.7774,3.1864,-0.10868
01/24/22 13:00,-0.04933,0.39871,1.0084,2.0185,1.3457,0.65011
01/24/22 14:00,-0.2,-0.2,2.2234,3.3613,0.093819,2.8334
01/24/22 15:00,0.22375,-0.2,1.5542,2.5409,1.089,1.2612
01/24/22 16:00,0.11458,-0.1587,-0.019994,1.0588,3.1444,0.070961
01/24/22 17:00,2.8781,-0.2,0.53095,2.8092,2.159,0.011316
01/24/22 18:00,0.64095,0.29704,1.9659,3.4333,0.05332,1.1644
01/24/22 19:00,1.0909,0.72615,1.8031,3.4603,-0.010597,1.6977
01/24/22 20:00,1.2835,0.50094,1.9804,2.4721,-0.018659,2.6035
01/24/22 21:00,2.097,-0.2,2.2231,3.1656,-0.018375,2.9818
01/24/22 22:00,0.34754,-0.12225,2.1285,3.0258,-0.014221,3.1739
01/24/22 23:00,0.63257,0.40454,1.8172,2.8595,0.037172,1.2172
01/25/22 00:00,0.48855,0.571,1.6924,2.3279,0.043626,1.1929
01/25/22 01:00,1.045,0.43045,1.8013,2.5591,0.040095,0.69339
01/25/22 02:00,0.22347,-0.14935,0.41417,1.8095,2.3165,-0.021592
01/25/22 03:00,0.2032,-0.1267,0.23737,1.2457,2.4871,0.0042269
01/25/22 04:00,0.22105,-0.14029,0.0014596,1.6343,2.7311,-0.06242
01/25/22 05:00,0.17519,-0.13958,-0.1499,1.4788,3.0846,-0.099847
01/25/22 06:00,0.13324,-0.096533,-0.18708,1.2814,3.1355,-0.10113
01/25/22 07:00,0.028538,-0.049076,0.050749,0.52045,2.8506,0.059085
01/25/22 08:00,0.22111,-0.11292,-0.096405,1.1889,3.087,-0.047717
01/25/22 09:00,0.154,-0.08363,-0.080648,1.1843,3.1258,-0.083399
01/25/22 10:00,0.12386,-0.073413,-0.18257,1.144,3.2341,-0.067636
01/25/22 11:00,0.0057298,-0.07649,-0.013205,0.64087,3.0623,0.020493
01/25/22 12:00,0.1362,-0.082533,-0.086798,1.1582,3.1257,-0.0070618
01/25/22 13:00,0.11438,-0.080192,-0.027321,1.2298,3.0648,-0.049315
01/25/22 14:00,0.165,-0.17106,0.070039,1.4307,3.0586,-0.016051
01/25/22 15:00,0.19087,-0.14108,0.10528,1.4101,2.87,0.068219
01/25/22 16:00,0.32376,-0.2,0.78475,1.544,1.9701,0.25021
01/25/22 17:00,0.72357,0.43313,1.068,1.4812,1.2284,0.19107
01/25/22 18:00,0.85644,0.67246,0.82485,1.8116,1.3883,0.046061
01/25/22 19:00,0.1915,0.8917,0.5286,1.6222,1.5666,0.16147
01/25/22 20:00,-0.12903,0.24566,0.76325,1.4032,1.5296,0.46451
01/25/22 21:00,-0.2,1.155,1.1824,0.88747,0.50517,0.71457
01/25/22 22:00,0.1755,0.37638,0.89359,1.4939,1.4917,0.0068595
01/25/22 23:00,0.38824,1.04,1.5845,1.6912,0.12356,0.27194
01/26/22 00:00,1.4553,0.4243,2.0102,1.7372,0.0032164,0.87225
01/26/22 01:00,0.23733,1.2057,1.6222,1.1547,0.0076576,0.47645
01/26/22 02:00,0.10846,0.53067,1.9405,1.5838,0.017583,0.57484
01/26/22 03:00,0.22903,0.42464,1.6077,1.4462,0.48967,-0.045986
01/26/22 14:00,0.18778,0.27795,2.025,2.6844,0.10379,2.5054
01/26/22 15:00,1.7627,0.72036,1.7781,2.616,0.036982,2.7729
01/26/22 16:00,1.6147,1.735,2.0089,2.5117,-0.0074257,2.2262
01/26/22 17:00,0.86352,1.6131,1.7475,1.9789,-0.011778,2.2915
01/26/22 18:00,1.7626,4.32,0.47845,1.8593,-0.030496,3.0736
01/26/22 19:00,2.4319,2.4592,1.1561,1.6967,-0.013379,2.4779
01/26/22 20:00,3.9455,1.6304,1.4208,1.8114,-0.0074284,2.4522
01/26/22 21:00,2.322,2.7676,1.0701,1.7588,-0.01905,2.8041
01/26/22 22:00,0.8785,1.767,1.2358,1.506,-0.000060289,1.9237
01/26/22 23:00,2.6042,1.7255,1.1839,1.6465,0.0076376,1.3283
01/27/22 00:00,2.9088,1.5662,1.4613,1.5803,0.022487,0.76367
01/27/22 01:00,0.77597,1.3929,1.356,1.2367,0.022327,0.4165
01/27/22 02:00,0.80564,1.549,1.165,1.2975,0.013133,0.59537
01/27/22 03:00,0.67887,1.1753,1.1986,1.2907,-0.0019199,1.1587
01/27/22 04:00,2.3714,1.449,1.2481,1.4817,0.0093697,1.3447
01/27/22 05:00,1.428,0.97325,1.5511,1.0944,0.020109,0.84559
01/27/22 06:00,1.1103,2.1207,0.96871,1.1881,0.017514,0.81167
01/27/22 07:00,0.67978,2.2435,1.0822,1.1933,0.011235,0.65797
01/27/22 08:00,2.2394,2.5185,0.98493,1.4064,0.051204,0.31602
01/27/22 09:00,0.74395,0.9825,1.3539,1.1236,0.059203,0.4502
01/27/22 11:00,0.50938,0.31221,0.69767,1.1072,1.2096,0.028512
01/27/22 12:00,0.80413,0.89232,1.0189,1.0631,0.67717,0.07794
01/27/22 13:00,0.63227,0.60721,1.5085,1.0796,0.46242,0.5858
01/27/22 14:00,0.70496,0.47912,1.7602,1.1457,0.37551,0.67882
01/27/22 15:00,0.65587,0.66223,1.7131,1.2098,0.36294,0.095844
01/27/22 16:00,0.3867,0.76297,1.5217,1.2845,0.19007,-0.087367
01/27/22 17:00,0.69736,0.59225,1.0578,1.3604,0.66186,-0.19056
01/27/22 18:00,0.59071,0.51391,1.5184,1.4961,0.24636,0.021779
01/27/22 19:00,0.66222,0.62018,1.5409,1.4679,0.19265,-0.072025
01/27/22 20:00,0.23412,0.49305,0.55461,1.1876,2.6602,0.12669
01/27/22 21:00,0.22168,0.55444,0.6756,1.3171,1.9167,-0.18993
01/27/22 22:00,0.90762,0.75401,1.5477,1.5384,0.059283,0.041225
01/27/22 23:00,1.6379,0.73875,1.542,1.6273,0.040664,-0.051622
01/28/22 00:00,1.685,0.55219,1.6938,1.9056,0.032716,-0.0017273
01/28/22 01:00,0.73798,0.29565,1.6429,1.7532,0.049185,0.22604
01/28/22 02:00,0.65694,0.34229,1.8704,1.8738,0.032276,0.59547
01/28/22 03:00,1.5587,0.56644,1.5951,1.8982,0.37266,0.2234
01/28/22 04:00,0.30823,0.1652,-0.06466,1.3996,2.877,-0.2
01/28/22 05:00,0.17815,-0.0064317,-0.056467,1.1517,3.079,-0.12762
01/28/22 06:00,0.16624,0.020546,-0.11074,1.1771,3.1339,-0.088808
01/28/22 07:00,0.15219,-0.0090876,-0.0057775,1.1607,3.0791,-0.11088
01/28/22 08:00,0.18228,-0.016,-0.043408,1.0909,3.102,-0.11925
01/28/22 09:00,0.19828,0.023272,-0.053031,1.1163,3.1206,-0.14435
01/28/22 10:00,0.10638,0.026635,-0.0036246,1.022,3.0886,-0.13253
01/28/22 11:00,0.16199,-0.059024,-0.089562,1.1299,3.1366,-0.076603
01/28/22 12:00,0.19607,-0.032864,-0.081967,1.1908,3.1057,-0.11823
01/28/22 13:00,0.17383,0.037165,0.0039146,1.1196,3.0429,-0.15202
01/28/22 14:00,0.13948,0.096585,0.011556,0.48953,3.0017,-0.057124
01/28/22 16:00,0.077583,0.36504,0.15521,0.0685,2.5785,0.042838
01/28/22 17:00,0.69341,0.40297,0.069885,0.62474,2.6389,-0.12083
01/28/22 18:00,0.61137,0.14712,0.074434,0.6875,2.8406,-0.097622
01/28/22 19:00,0.015322,0.30956,0.40229,-0.046775,2.3124,-0.12754
01/28/22 20:00,0.076022,0.24438,0.28655,0.30158,2.5037,-0.15832
01/28/22 21:00,0.77917,0.62991,0.7682,0.46225,1.5267,-0.2
01/28/22 22:00,3.8774,1.7021,0.49483,0.67809,0.9907,0.65424
01/28/22 23:00,1.5734,1.9747,1.3367,0.18712,-0.15699,0.3875
01/29/22 00:00,1.6321,1.7352,1.4823,0.75436,-0.2,0.23982
01/29/22 01:00,0.88007,1.9537,1.4264,0.72747,-0.2,0.023891
01/29/22 02:00,1.6355,1.4529,1.6221,0.6473,-0.2,0.44015
01/29/22 03:00,2.3428,1.7635,1.4243,0.42102,-0.2,-0.11217
01/29/22 04:00,2.0461,1.6465,1.4066,0.76675,-0.2,-0.06278
01/29/22 05:00,2.9272,1.8723,1.4293,0.73484,-0.2,-0.028503
01/29/22 06:00,0.9599,1.6496,1.1986,0.25026,0.31181,0.42722
01/29/22 07:00,0.87047,1.1038,0.89064,0.49938,1.0223,0.3189
01/29/22 08:00,0.52477,1.1165,0.83818,0.57031,1.1563,0.64056
01/29/22 09:00,1.0801,1.9569,0.55938,0.5617,0.9982,1.2389
01/29/22 10:00,0.36159,1.933,-0.2,-0.0041975,1.8728,3.3009
01/29/22 11:00,2.5317,2.759,1.0007,1.0028,-0.2,1.5815
01/29/22 12:00,3.6051,2.3199,1.2159,1.3314,-0.2,1.1018
01/29/22 14:00,0.63766,1.4781,1.1702,1.6375,0.47961,0.95672
01/29/22 15:00,0.54117,1.308,1.3162,1.828,0.34522,0.70906
01/29/22 16:00,1.0578,2.6165,0.86253,1.7073,0.050853,2.1233
01/29/22 17:00,2.8717,3.9187,0.23938,1.6064,-0.018959,3.1547
01/29/22 18:00,2.6023,2.251,1.068,1.588,0.0036814,1.735
01/29/22 19:00,0.8337,2.4839,0.96279,1.4904,0.12388,0.39518
01/29/22 20:00,1.3714,2.696,0.53227,1.4049,0.38424,0.054594
01/29/22 21:00,3.1475,3.5001,0.32119,1.5203,0.15427,0.13288
01/29/22 22:00,3.2776,2.8479,0.71302,1.4552,0.030813,0.87506
01/29/22 23:00,4.6837,2.4837,0.85905,1.4952,0.015219,1.2534
01/30/22 00:00,3.9422,0.63811,1.7353,2.1686,0.001581,2.3354
01/30/22 01:00,3.4151,0.47545,1.9073,1.3786,0.0095294,2.1326
01/30/22 02:00,1.9898,0.62382,1.7596,1.5697,0.016244,2.0042
01/30/22 03:00,1.7893,0.66967,1.731,1.7239,0.016313,2.1613
01/30/22 04:00,1.5106,0.70531,1.8132,1.6308,0.025003,1.2207
01/30/22 05:00,1.3491,1.0333,1.4557,1.4686,0.12606,0.38072
01/30/22 06:00,1.357,1.1314,1.4843,1.6318,0.061284,0.40743
01/30/22 07:00,1.217,1.105,1.4582,1.581,0.053651,0.76153
01/30/22 08:00,2.1847,2.0161,1.1348,1.4469,0.041995,0.49558
01/30/22 09:00,0.36866,1.1215,1.0245,1.1789,0.79897,0.018406
01/30/22 10:00,1.5187,1.7485,0.62493,1.4429,0.77742,-0.16605
01/30/22 11:00,0.84604,1.3216,0.87541,1.4247,0.85887,-0.082087
01/30/22 12:00,1.0943,0.95672,1.3311,1.2995,0.56277,0.87635
01/30/22 13:00,1.1173,2.1319,0.46656,1.4149,0.74884,0.66977
01/30/22 14:00,1.8573,1.2651,0.64622,1.6212,1.1158,0.054378
01/30/22 15:00,0.82308,2.393,0.43478,1.6214,0.61017,0.83823
01/30/22 16:00,1.8694,2.6104,0.51728,1.9295,0.34041,0.49502
01/30/22 17:00,0.96484,2.8622,0.65181,1.6753,0.10955,0.25074
01/30/22 18:00,1.2781,3.7855,0.34283,1.8487,0.015843,0.44031
01/30/22 19:00,3.3278,3.8501,0.2571,2.0975,-0.0096503,1.6519
01/30/22 20:00,2.6466,3.431,0.40711,1.4026,0.0012581,1.5201
01/30/22 21:00,1.7793,2.6542,0.81501,1.2802,0.018806,0.88248
01/30/22 22:00,2.3632,2.9195,0.67957,1.3944,0.023305,1.2966
01/30/22 23:00,2.0414,3.252,0.51176,1.4354,0.020213,1.44
01/31/22 00:00,1.0115,2.8324,0.75612,1.2222,0.026342,1.2022
01/31/22 01:00,2.5531,2.3323,0.97265,1.198,0.024882,0.7883
01/31/22 02:00,0.41036,1.7058,1.268,1.0581,0.048779,0.24988
01/31/22 03:00,0.43706,1.8964,1.0788,1.1499,0.10252,0.18624
01/31/22 04:00,0.69165,2.0114,0.66985,1.1485,0.45818,0.056646
01/31/22 05:00,0.64997,2.0282,0.80545,1.1758,0.34955,0.21185
01/31/22 06:00,0.86493,3.3369,0.27394,1.2208,0.22342,0.20229
01/31/22 07:00,1.4318,-0.06329,2.023,1.4625,0.089662,1.044
01/31/22 08:00,2.0213,2.7146,0.76992,1.2978,0.023257,1.4792
01/31/22 09:00,1.5295,2.8164,0.67458,1.2184,0.062843,1.3474
01/31/22 10:00,1.7679,2.5918,0.85443,1.2121,0.14481,1.3536
01/31/22 11:00,1.3793,2.3348,0.73259,1.2866,0.39849,0.93898
01/31/22 12:00,1.3751,1.8175,0.97575,1.4958,0.47075,0.60255
01/31/22 13:00,2.0863,1.7678,1.0508,1.5886,0.42929,0.84959
01/31/22 14:00,1.3036,2.9157,0.47688,1.5739,0.35727,1.8866
01/31/22 15:00,2.8422,2.0628,0.78387,1.6938,0.47646,0.18313
01/31/22 16:00,2.0802,2.9672,0.49355,1.7719,0.11562,0.95325
01/31/22 17:00,2.0833,3.702,0.37817,1.9168,-0.0011367,0.84211
01/31/22 18:00,1.7052,3.6706,0.36785,1.6574,0.0051024,1.1896
01/31/22 19:00,0.82552,2.9072,0.80271,1.4238,0.00090231,1.0523
01/31/22 20:00,1.5226,2.9413,0.79467,1.2316,-0.00099569,2.387
01/31/22 21:00,1.792,3.1025,0.74074,1.0585,-0.0012513,2.3435
01/31/22 22:00,3.7037,2.727,0.91039,1.2744,-0.0037692,1.8845
01/31/22 23:00,1.9435,2.3926,1.1253,1.1862,0.0072347,1.4488
02/01/22 00:00,1.2906,3.1239,0.65366,1.166,0.0078074,1.7496
02/01/22 01:00,2.6983,2.49,0.99842,1.1455,0.019177,1.181
02/01/22 02:00,2.5994,2.0385,1.2724,1.2034,0.012917,0.92262
02/01/22 03:00,2.15,1.7771,1.3546,1.1843,0.025629,0.68788
02/01/22 04:00,2.4214,1.8788,1.1848,1.0539,0.029121,0.7161
02/01/22 05:00,1.8302,2.6722,0.8096,1.0735,0.018798,1.4028
02/01/22 06:00,1.7547,4.1598,0.094713,1.1608,0.0086368,2.0938
02/01/22 07:00,1.1869,3.6758,0.25158,1.1129,0.024807,1.6413
02/01/22 08:00,1.7488,3.4255,0.44068,1.1271,0.015934,1.6333
02/01/22 09:00,2.3686,2.5793,0.86711,1.2412,0.054233,0.99606
02/01/22 10:00,1.8729,3.0277,0.62889,1.1955,0.091818,1.8063
02/01/22 11:00,3.088,3.3821,0.47359,1.508,0.12668,2.3308
02/01/22 12:00,1.6944,3.0026,0.38668,1.3112,0.30987,1.7243
02/01/22 13:00,3.8177,1.7355,1.2928,1.6918,0.17144,2.6545
02/01/22 14:00,3.524,3.2045,0.60704,1.8605,0.11874,3.3752
02/01/22 15:00,3.6421,3.3112,0.68968,1.9733,0.022769,4.5763
02/01/22 16:00,1.6422,3.0487,0.7572,1.654,-0.029324,5.1873
02/01/22 17:00,1.2292,2.5248,0.97743,1.3041,-0.020355,3.5026
02/01/22 18:00,0.81574,2.1734,1.1143,1.2148,0.019313,2.1413
02/01/22 19:00,2.7377,3.5202,0.44586,1.2632,-0.0045387,2.9752
02/01/22 20:00,4.1886,2.8093,0.75058,1.2058,-0.0061925,2.5962
02/01/22 21:00,4.0743,3.7655,0.31135,1.2076,-0.0033624,2.7837
02/01/22 22:00,2.4838,2.3846,0.96524,1.1325,0.021333,1.8873
02/01/22 23:00,0.92592,1.9656,1.1471,1.1552,0.043864,1.2535
02/02/22 00:00,0.89768,2.282,1.0111,0.98962,0.035919,1.1267
02/02/22 01:00,0.74891,0.43162,1.8382,1.0861,0.0491,1.3781
02/02/22 02:00,0.78919,0.45258,1.7373,1.0802,0.20811,0.78833
02/02/22 03:00,0.7444,0.40589,1.8808,1.0086,0.05108,0.91135
02/02/22 04:00,1.4549,0.40135,1.7627,1.2386,0.15893,0.59643
02/02/22 05:00,0.74668,0.68234,1.4442,1.0944,0.30908,0.46229
02/02/22 06:00,1.2069,0.35317,-0.2,0.75867,3.1698,2.9852
02/02/22 07:00,1.2027,0.70636,-0.2,0.74678,2.8714,3.0296
02/02/22 08:00,0.93007,2.7106,1.021,1.0159,-0.2,0.56191
02/02/22 09:00,3.5615,2.2931,1.1937,1.1894,-0.2,0.27078
02/02/22 10:00,2.3989,2.567,1.1402,1.2574,-0.2,0.35705
02/02/22 11:00,0.83497,1.3863,0.4292,0.96053,1.4146,0.62282
02/02/22 12:00,1.2242,2.3857,1.0825,1.2094,-0.2,0.29854
02/02/22 13:00,2.4332,2.232,0.72441,1.3793,0.4164,1.4038
02/02/22 14:00,2.0435,1.9695,1.1977,1.5824,0.17169,3.175
02/02/22 15:00,1.3441,1.7147,1.4981,1.4569,0.015117,4.5706
02/02/22 16:00,1.9598,2.3915,1.2396,1.5369,-0.050901,5.6772
02/02/22 17:00,2,2.7368,1.0855,1.4378,-0.051242,4.6005
02/02/22 18:00,1.4555,4.0837,0.25271,1.2016,-0.037667,4.5504
02/02/22 19:00,3.1414,4.8959,-0.2,1.2385,-0.048614,5.0192
02/02/22 20:00,3.483,3.9092,0.24523,1.254,-0.018161,3.8157
02/02/22 21:00,5.5118,2.3161,0.90428,1.2221,0.034085,1.6997
02/02/22 22:00,5.7313,3.0463,0.5553,1.1881,0.021958,1.4499
02/02/22 23:00,5.2319,2.6469,0.75769,1.2731,0.013039,1.9172
02/03/22 00:00,2.55,1.8638,1.088,1.1822,0.039517,1.1806
02/03/22 01:00,2.5396,1.8052,1.1674,1.1458,0.04051,0.73775
02/03/22 02:00,2.5805,1.7707,1.1725,1.102,0.044822,0.69293
02/03/22 03:00,1.9748,1.4238,1.3698,1.0797,0.052247,0.47999
02/03/22 04:00,1.1229,1.6557,1.2341,1.1001,0.048338,0.66153
02/03/22 05:00,0.3947,1.4803,1.3215,1.0131,0.033337,1.1334
02/03/22 06:00,1.9752,4.0233,0.048253,1.1553,0.033281,1.8776
02/03/22 07:00,2.3837,3.289,0.47194,1.077,0.0271,1.9714
02/03/22 08:00,1.8273,3.2064,0.55547,1.1735,0.0247,2.4979
02/03/22 09:00,1.1091,2.4436,1.0093,1.1591,0.054829,2.7165
02/03/22 10:00,1.6818,1.9211,1.2191,1.1931,0.12366,2.3582
02/03/22 11:00,1.242,2.0406,1.1084,1.169,0.17065,2.6296
02/03/22 12:00,2.6513,2.5914,0.87383,1.5101,0.16306,2.727
02/03/22 13:00,7.2439,1.9257,1.0303,1.5708,0.13717,2.3976
02/03/22 14:00,2.9581,1.3001,1.0965,2.0318,0.57811,1.7747
02/03/22 15:00,1.1187,0.31152,-0.10953,1.6022,2.6792,-0.08732
02/03/22 16:00,0.86987,0.31828,-0.00581,1.2975,2.5204,0.037181
02/03/22 17:00,0.52947,0.26553,0.083913,0.89448,2.7524,-0.2
02/03/22 18:00,0.31538,0.21926,0.041558,0.84728,2.7748,-0.16069
02/03/22 19:00,0.36488,0.30532,0.055978,0.93175,2.6422,-0.16235
02/03/22 20:00,0.3598,0.37541,0.094405,0.8241,2.5933,-0.2
02/03/22 21:00,0.8102,0.52257,0.50222,1.222,1.919,-0.2
02/03/22 22:00,0.40282,0.23214,0.11001,1.1144,2.5937,-0.072423
02/03/22 23:00,0.41056,0.2415,0.21425,0.96154,2.4594,-0.16911
02/04/22 00:00,0.3989,0.11781,0.080421,0.85937,2.8339,-0.17285
02/04/22 01:00,0.87607,0.18321,0.1003,0.91376,2.672,-0.19772
02/04/22 02:00,0.36436,0.51575,0.76029,1.0706,1.5565,-0.2
02/04/22 03:00,1.0301,1.1223,1.4683,1.2377,0.0013885,-0.2
02/04/22 04:00,1.0463,1.1575,1.4646,1.2601,0.070014,-0.13262
02/04/22 05:00,1.5255,0.92693,0.51609,1.1671,1.5642,0.54666
02/04/22 06:00,1.2885,1.0733,0.95887,1.1614,1.0128,0.271
02/04/22 07:00,2.3718,0.64676,0.3276,0.98186,2.3067,0.8902
02/04/22 08:00,2.1333,0.8754,0.58286,1.2038,1.7354,0.82565
02/04/22 09:00,0.80131,1.1539,1.396,1.3583,0.47711,0.69189
02/04/22 10:00,1.2876,1.2144,0.96782,1.3125,1.0137,1.579
02/04/22 11:00,1.5483,1.4339,1.0508,1.2856,0.65699,0.67476
02/04/22 12:00,1.9197,1.0212,0.69184,1.389,1.5122,1.4832
02/04/22 13:00,3.671,0.87363,0.25284,1.5989,2.1553,2.7575
02/04/22 14:00,1.5221,1.4001,1.1438,1.5561,0.43976,0.80221
02/04/22 15:00,1.1013,1.0961,1.5243,1.4773,0.18824,1.3508
02/04/22 16:00,1.5635,1.1914,1.5342,1.4801,0.038913,1.7337
02/04/22 17:00,1.1916,1.1075,1.689,1.5611,-0.021215,2.3647
02/04/22 18:00,1.0888,0.76627,0.97718,1.128,0.88318,0.72459
02/04/22 19:00,0.91713,0.71685,0.98562,1.2934,0.94776,-0.064603
02/04/22 20:00,1.3811,1.6101,0.92462,1.4855,0.46814,-0.033972
02/04/22 21:00,2.8702,1.8862,0.67613,1.5311,0.50947,-0.17924
02/04/22 22:00,4.9664,2.2916,0.86764,1.6287,0.033757,-0.09917
02/04/22 23:00,2.583,1.1534,0.72491,1.4489,1.1491,0.18541
02/05/22 00:00,1.5682,0.83668,0.50328,1.2631,1.5388,-0.014661
02/05/22 01:00,1.6057,0.53006,0.98329,1.3862,1.1161,0.023468
02/05/22 02:00,1.3992,0.27094,1.1404,1.4537,0.91296,1.1024
02/05/22 03:00,0.76496,0.39014,2.0547,1.477,-0.2,1.2076
02/05/22 04:00,0.4979,0.52293,2.1181,1.34,-0.2,0.15475
02/05/22 05:00,0.22739,0.53368,2.0643,1.2269,-0.2,0.92186
02/05/22 06:00,0.077412,0.51857,1.7734,1.1146,0.24751,2.1054
02/05/22 07:00,0.14031,0.29618,1.726,1.0882,0.45723,1.4177
02/05/22 08:00,0.74921,1.0804,0.94527,1.0934,1.1,1.9421
02/05/22 09:00,1.1074,1.1933,0.21273,1.0162,2.0823,2.0822
02/05/22 10:00,1.2519,1.4217,1.7489,1.335,-0.2,0.65642
02/05/22 11:00,1.1522,1.398,1.3588,1.3086,0.29122,0.93117
02/05/22 12:00,2.847,0.43608,1.3871,1.8537,0.37852,1.045
02/05/22 13:00,1.4765,0.19114,1.6856,1.8842,0.28692,1.2349
02/05/22 14:00,2.2038,0.094111,1.0726,1.8844,0.33108,0.92527
02/05/22 15:00,0.62064,0.16816,0.67724,1.7283,0.58283,0.6489
02/05/22 16:00,0.72778,0.62005,1.4749,1.4529,0.31109,0.30248
02/05/22 17:00,0.88682,0.47735,0.72322,1.4952,0.82297,0.09311
02/05/22 18:00,0.39867,-0.028373,0.30316,1.0322,2.1036,-0.0041726
02/05/22 19:00,0.33035,-0.0081787,0.18044,0.99035,2.1041,0.082733
02/05/22 20:00,0.31348,-0.0023902,0.38602,0.95818,2.1126,0.017767
02/05/22 21:00,0.43622,0.056454,0.24588,1.0031,2.2608,-0.13948
02/05/22 22:00,0.24942,0.026956,0.39476,1.0179,2.1205,-0.063643
02/05/22 23:00,0.16518,0.1135,0.40073,0.82134,2.3145,-0.15794
02/06/22 00:00,0.20514,0.041519,0.31424,0.88768,2.2724,-0.096401
02/06/22 01:00,0.24803,0.059091,0.16982,0.91269,2.3313,-0.12349
02/06/22 02:00,0.19302,-0.024678,0.32034,0.81338,2.323,-0.049408
02/06/22 03:00,0.27534,-0.012592,0.11148,0.78853,2.3632,-0.073065
02/06/22 04:00,0.31127,0.062729,0.025815,0.91605,2.4066,-0.15244
02/06/22 05:00,0.21677,0.014262,-0.047646,0.86429,2.4659,-0.10258
02/06/22 06:00,0.13256,0.069345,0.089509,0.7711,2.4132,-0.1333
02/06/22 07:00,0.18457,0.068712,0.036972,0.74962,2.4678,-0.081072
02/06/22 08:00,0.24356,0.064088,0.12393,0.69769,2.4547,-0.10779
02/06/22 09:00,0.20399,0.074558,0.031561,0.70693,2.5623,-0.058012
02/06/22 10:00,0.10334,0.050283,0.1935,0.73339,2.4302,-0.077576
02/06/22 11:00,0.18146,0.022545,0.20517,0.72027,2.4053,0.028573
02/06/22 12:00,0.52115,0.19457,0.17413,0.87076,2.1271,0.30987
02/06/22 13:00,0.1432,0.072657,0.40048,0.72433,2.3557,0.061876
02/06/22 14:00,0.24619,0.022073,0.14498,0.72579,2.5737,0.051228
02/06/22 15:00,0.19416,0.024591,0.073003,0.76672,2.6758,0.019712
02/06/22 16:00,0.22258,0.041805,0.00023137,0.79519,2.5671,0.11562
02/06/22 17:00,0.052737,0.1179,0.38235,0.76345,2.3525,-0.018221
02/06/22 18:00,0.30475,0.21177,0.51758,0.80995,2.2146,-0.038094
02/06/22 19:00,0.37176,1.0822,0.89029,1.0617,0.88795,0.035492
02/06/22 20:00,1.104,1.4341,1.1462,1.0322,0.23169,0.056614
02/06/22 21:00,0.49507,1.5628,1.1597,0.95671,0.17359,-0.003042
02/06/22 22:00,2.7978,1.5935,1.1489,1.0911,0.054484,-0.049376
02/06/22 23:00,2.4309,1.6995,1.0692,1.1732,0.069956,-0.139
02/07/22 00:00,2.1247,1.4125,0.99235,1.2382,0.39057,-0.080765
02/07/22 01:00,0.159,0.53119,0.41077,0.78295,1.825,-0.04756
02/07/22 02:00,0.11315,0.60639,1.0246,0.80358,1.1075,-0.12783
02/07/22 03:00,0.70021,1.0565,1.0639,1.0031,0.53662,-0.2
02/07/22 04:00,0.20687,0.69958,0.72617,0.82679,1.4255,-0.2
02/07/22 05:00,0.11302,0.65634,0.90538,0.78502,1.2411,-0.14159
02/07/22 06:00,0.23338,1.3997,0.56837,0.90489,0.95256,-0.12394
02/07/22 07:00,0.20971,0.78942,0.9851,0.88118,0.90572,0.20285
02/07/22 08:00,0.76927,0.96139,1.2759,1.0463,0.58004,0.11486
02/07/22 09:00,0.42182,0.80467,1.2676,1.0071,0.76212,0.065871
02/07/22 10:00,3.6389,0.34876,0.1203,0.96628,2.2787,-0.2
02/07/22 11:00,0.44386,-0.012029,0.20472,0.64727,2.6356,-0.021947
02/07/22 12:00,0.97776,-0.0098858,0.13606,0.95765,2.4875,-0.084537
02/07/22 13:00,0.96954,0.12148,0.011217,1.159,2.5106,-0.19636
02/07/22 14:00,0.3075,0.16204,0.19662,0.77335,2.5434,-0.18352
02/07/22 15:00,0.32496,0.07343,-0.048115,0.75175,3.0793,-0.012768
02/07/22 16:00,0.36729,0.11583,-0.015343,0.67479,3.088,0.10426
02/07/22 17:00,0.61448,0.41715,-0.071574,0.81971,2.9529,0.46634
02/07/22 18:00,1.0844,1.0319,0.37188,0.98425,1.8357,0.68309
02/07/22 19:00,0.59366,1.0416,1.0559,1.1478,0.73487,0.49905
02/07/22 20:00,1.0412,0.78394,0.58358,1.0556,1.4544,0.20695
02/07/22 21:00,0.21698,0.19764,0.2135,0.74854,2.6042,-0.10989
02/07/22 22:00,0.16133,0.14902,0.026706,0.6933,2.887,-0.052017
02/07/22 23:00,0.25932,0.1344,0.056224,0.69493,2.8655,-0.11583
02/08/22 00:00,0.60982,0.1915,0.093031,0.70249,2.7497,-0.16911
02/08/22 01:00,0.39891,0.12208,0.092937,0.71683,2.8014,-0.1227
02/08/22 02:00,0.30832,0.49064,0.4571,0.77872,2.0599,-0.11767
02/08/22 03:00,0.25684,0.42378,0.58905,0.76972,1.973,-0.18031
02/08/22 04:00,0.15822,0.1575,0.10359,0.67768,2.8673,-0.12653
02/08/22 05:00,0.1236,0.12236,0.042698,0.60495,3.016,-0.15644
02/08/22 06:00,0.10881,0.17211,0.056628,0.6501,2.9538,-0.057814
02/08/22 07:00,0.32172,0.69822,-0.15694,0.79983,2.8038,0.67131
02/08/22 08:00,0.9735,1.3304,0.91217,0.90021,1.2688,0.21304
02/08/22 09:00,4.9092,1.6215,1.3023,1.2678,0.10208,1.4475
02/08/22 10:00,1.2355,0.79815,0.83401,1.1634,0.96407,0.31009
02/08/22 11:00,1.0624,0.47264,1.0031,1.1405,1.1846,0.37037
02/08/22 12:00,0.33823,0.025269,1.5694,1.2573,0.71365,1.3321
02/08/22 13:00,0.85382,0.63703,1.0356,0.94036,1.0629,0.11235
02/08/22 14:00,0.26537,0.21317,0.40497,0.77176,2.2986,-0.020651
02/08/22 15:00,0.18141,0.11001,0.20558,0.77241,2.6998,-0.14736
02/08/22 16:00,0.13288,0.33917,0.44532,0.81428,2.103,0.014789
02/08/22 17:00,0.19644,0.22665,0.41821,0.8382,2.3104,-0.092173
02/08/22 18:00,0.31911,0.20051,0.26582,0.63375,2.4781,0.032592
02/08/22 19:00,0.25931,0.16888,0.18072,0.73694,2.6772,-0.15159
02/08/22 20:00,0.13237,0.15479,0.23087,0.66073,2.6768,-0.16673
02/08/22 21:00,0.11559,0.16028,0.11401,0.74241,2.7251,-0.17924
02/08/22 22:00,0.1377,0.19246,0.11685,0.70449,2.7497,-0.16998
02/08/22 23:00,0.089584,0.11725,0.14085,0.6437,2.7887,-0.10975
02/09/22 00:00,0.17153,0.22781,0.29869,0.78679,2.5321,-0.2
02/09/22 01:00,0.098452,0.18233,0.23629,0.74424,2.611,-0.19075
02/09/22 02:00,0.11831,0.13144,0.25724,0.69385,2.669,-0.1486
02/09/22 03:00,0.093036,0.13223,0.12528,0.75749,2.7961,-0.18839
02/09/22 04:00,0.09824,0.14017,0.17032,0.71677,2.743,-0.16371
02/09/22 05:00,0.067028,0.13385,0.15745,0.72987,2.7052,-0.16355
02/09/22 06:00,0.3751,0.44259,0.33792,0.77918,2.2003,-0.2
02/09/22 07:00,0.065723,0.23775,0.30178,0.69817,2.4086,-0.038147
02/09/22 08:00,0.17396,0.16377,0.3406,0.632,2.4756,-0.12703
02/09/22 09:00,0.14174,0.18532,0.34657,0.70735,2.4216,-0.11515
02/09/22 10:00,0.26059,0.16461,0.17941,0.79486,2.5897,-0.13218
02/09/22 11:00,0.47766,0.07737,0.21148,0.76628,2.466,-0.060577
02/09/22 12:00,0.1958,0.017278,0.12442,0.8463,2.7362,-0.092094
02/09/22 13:00,0.16525,0.035075,0.30244,0.7088,2.6003,-0.022822
02/09/22 14:00,-0.023134,0.31556,1.0455,0.59477,1.3985,-0.099944
02/09/22 15:00,0.11293,0.36068,0.86159,0.71122,1.572,-0.033267
02/09/22 16:00,0.033976,0.30823,1.0305,0.611,1.5168,0.11295
02/09/22 17:00,0.1734,0.15516,0.3485,0.60843,2.5257,-0.04456
02/09/22 18:00,0.1768,0.13035,0.23766,0.64781,2.599,-0.049764
02/09/22 19:00,0.39111,0.1371,0.25693,0.7293,2.5134,-0.069001
02/09/22 20:00,0.28904,0.1193,0.29694,0.59161,2.5486,-0.061752
02/09/22 21:00,0.31955,0.23682,0.23641,0.68509,2.5366,-0.13553
02/09/22 22:00,0.37977,0.39075,0.15069,0.7089,2.2756,0.45356
02/09/22 23:00,1.0669,0.47836,0.37495,0.85938,2.0641,-0.082985
02/10/22 00:00,0.72228,0.25969,0.55156,0.76436,2.0311,-0.087457
02/10/22 01:00,1.0544,0.5771,0.30205,0.98124,1.8908,0.1648
02/10/22 02:00,1.4798,0.38461,0.68797,0.99202,1.5827,-0.01473
02/10/22 03:00,0.60139,0.32024,0.49036,0.90362,1.7403,0.18029
02/10/22 04:00,0.18856,0.60313,1.0472,0.83296,0.99732,0.34173
02/10/22 05:00,0.14321,0.6657,1.3059,0.78972,0.73025,0.157
02/10/22 06:00,1.0875,1.1624,1.3738,0.90509,0.36787,0.031077
02/10/22 07:00,1.2941,0.90859,1.253,0.80153,0.66706,0.453
02/10/22 08:00,0.10984,0.66428,1.4549,0.76885,0.51023,0.15042
02/10/22 09:00,-0.066686,0.61693,1.2418,0.90312,0.80451,0.11127
02/10/22 11:00,1.898,0.44384,0.12081,0.79551,2.3724,-0.18733
02/10/22 12:00,0.31576,0.14388,0.44554,0.79019,2.2646,-0.050287
02/10/22 13:00,1.0548,0.69574,0.19,1.3545,1.9938,0.14062
02/10/22 14:00,0.21571,0.18625,0.31433,0.6475,2.4415,-0.070003
02/10/22 15:00,-0.090888,0.36568,0.39753,-0.10324,2.2267,0.074754
02/10/22 16:00,-0.0094068,0.89827,1.0005,-0.2,0.97446,0.27981
02/10/22 17:00,0.0054204,1.9928,1.127,-0.2,0.058225,1.1975
02/10/22 18:00,0.76513,2.3223,1.091,-0.042543,0.0061146,2.0322
02/10/22 19:00,1.6548,1.4583,1.4449,0.35158,0.035473,0.94101
02/10/22 20:00,2.1765,1.599,1.4297,0.46615,0.027049,0.97966
02/10/22 21:00,1.2324,2.3227,1.1016,0.26842,0.010844,1.1305
02/10/22 22:00,0.89159,2.2221,1.1362,0.4176,0.011356,1.5721
02/10/22 23:00,4.6869,1.5199,1.3657,0.65719,0.042893,0.64801
02/11/22 00:00,2.2218,0.96852,1.365,0.57934,0.43355,0.32488
02/11/22 01:00,0.73644,1.0339,1.5989,0.18463,0.16742,0.22367
02/11/22 02:00,0.98135,1.1474,1.6752,0.49559,0.063675,0.10631
02/11/22 03:00,0.78407,1.1241,1.6499,0.48012,0.1216,0.10387
02/11/22 04:00,0.57284,1.6829,1.4106,0.47096,0.018301,0.55847
02/11/22 05:00,0.71681,1.7744,1.4674,0.29628,0.016256,0.92877
02/11/22 06:00,0.65558,2.2118,1.2561,0.56309,0.00073948,1.5155
02/11/22 07:00,0.66967,1.4748,1.4758,0.48867,0.18383,1.1166
02/11/22 08:00,0.50383,1.5398,1.4022,0.30901,0.026354,1.2392
02/11/22 09:00,0.52306,0.77749,0.52148,0.34372,1.93,0.96909
02/11/22 10:00,0.83951,0.57068,1.1255,0.47996,1.3166,0.27327
02/11/22 11:00,1.3105,0.64722,0.71981,0.64205,1.7033,0.40505
02/11/22 12:00,0.43076,0.65568,1.5116,0.33904,0.69146,0.22218
02/11/22 13:00,0.56006,0.46682,0.74444,0.57917,1.915,0.27154
02/11/22 14:00,0.29505,0.4564,1.139,0.62708,1.3927,0.26463
02/11/22 15:00,0.34077,0.4852,1.0216,0.63751,1.3921,0.24108
02/11/22 16:00,0.018737,0.46125,1.0905,0.18078,1.1078,0.61417
02/11/22 17:00,-0.047668,0.40028,1.3154,0.18643,1.0466,0.57662
02/11/22 20:00,1.056,2.6192,1.9512,0.34898,0.02649,1.1528
02/11/22 21:00,4.1241,2.598,1.9806,0.709,0.014144,1.174
02/11/22 22:00,1.6173,2.3702,1.5646,0.64087,0.019329,0.99139
02/11/22 23:00,3.3502,3.3263,0.50127,0.35873,-0.019312,2.1365
02/12/22 00:00,4.473,3.4063,0.36151,0.50469,-0.021903,2.6911
02/12/22 01:00,2.5581,3.1151,0.84188,0.4924,-0.019741,2.0197
02/12/22 02:00,0.77063,1.9482,1.8535,0.54113,-0.2,0.60589
02/12/22 03:00,0.55253,1.6778,3.0307,0.21925,-0.2,0.48739
02/12/22 04:00,0.59248,1.2532,2.7801,0.56104,-0.2,0.81937
02/12/22 05:00,0.042105,0.67694,2.1901,0.47791,0.40742,-0.098269
02/12/22 06:00,0.0063226,0.43623,0.83787,0.27642,1.9175,-0.2
02/12/22 07:00,-0.00516,0.61767,0.52975,0.024586,1.7888,0.21174
02/12/22 08:00,0.050148,0.58702,0.63482,0.20889,1.9607,-0.050888
02/12/22 09:00,0.11076,0.30212,0.26747,0.20429,2.5082,0.20859
02/12/22 10:00,0.013445,0.5517,0.45671,-0.035451,1.982,-0.03905
02/12/22 11:00,0.057981,0.35791,0.32071,0.28244,2.3102,-0.0030348
02/12/22 12:00,0.047252,0.27954,0.35622,0.2287,2.2532,0.01769
02/12/22 13:00,0.079189,0.31263,0.046406,0.2402,2.5251,0.063158
02/12/22 14:00,0.017746,0.25908,0.23299,-0.065501,2.6051,0.035153
02/12/22 15:00,0.065606,0.17734,0.19368,0.24246,2.5337,0.028974
02/12/22 16:00,0.13222,0.28145,0.55588,0.31178,2.078,0.013591
02/12/22 17:00,0.38561,0.50864,0.51007,0.38611,1.7415,0.14277
02/12/22 18:00,0.020757,0.48543,0.56041,0.031974,2.1212,-0.11914
02/12/22 19:00,0.095839,0.8628,1.4609,0.38442,0.80575,-0.058303
02/12/22 20:00,0.57877,0.6764,1.9912,0.48346,0.22747,0.23508
02/12/22 21:00,-0.038191,0.6974,2.1137,0.13748,0.10079,0.21468
02/12/22 22:00,0.76254,0.82415,2.0663,0.45185,0.1361,0.098822
02/12/22 23:00,2.1156,0.72647,1.4214,0.3412,0.62705,0.022054
02/13/22 00:00,0.42876,0.57,1.3649,0.4199,0.76516,-0.0039581
02/13/22 01:00,0.22326,0.54485,1.8668,0.10861,0.23682,0.1775
02/13/22 02:00,0.1293,0.43364,1.0724,0.36063,1.1821,-0.081776
02/13/22 03:00,0.25829,0.35081,0.63769,0.32836,1.8604,-0.12812
02/13/22 04:00,-0.015062,0.27173,0.40479,0.2259,2.2893,-0.14276
02/13/22 05:00,0.034065,0.20762,0.31024,-0.024668,2.4508,-0.056395
02/13/22 06:00,0.10813,0.17908,0.2908,0.21844,2.3684,-0.065755
02/13/22 07:00,0.134,0.35903,0.43276,0.26329,2.1649,-0.088661
02/13/22 08:00,-0.077978,0.37035,0.88456,-0.021589,1.6084,-0.017614
02/13/22 09:00,0.12731,0.24408,0.79949,0.30306,1.6212,0.026783
02/13/22 10:00,0.25891,0.27395,1.0334,0.44754,1.3959,0.071138
02/13/22 11:00,0.38675,0.18315,1.3151,0.61306,0.99252,0.20445
02/13/22 12:00,0.17269,-0.2,1.8233,0.43234,0.78932,0.70125
02/13/22 13:00,0.228,0.48111,1.2644,0.57162,1.1108,0.22701
02/13/22 14:00,0.15239,0.30717,0.57868,0.3448,1.963,0.014589
02/13/22 15:00,0.1144,0.23136,0.48781,0.37421,2.0998,-0.06637
02/13/22 16:00,-0.043251,0.11984,0.43288,0.028335,2.3129,0.038414
02/13/22 17:00,0.11464,0.12967,0.36475,0.24768,2.3602,0.041522
02/13/22 18:00,0.13673,0.17045,0.30659,0.22244,2.3746,0.080013
02/13/22 19:00,0.055118,0.19607,0.4124,-0.054144,2.2686,0.083467
02/13/22 20:00,0.083017,0.22173,0.57855,0.28023,2.0744,0.008902
02/13/22 21:00,0.4443,0.71265,0.92181,0.43182,1.1898,0.78444
02/13/22 22:00,0.72336,1.017,1.1695,0.60006,0.67786,0.8513
02/13/22 23:00,1.1865,1.2344,0.92223,0.12344,0.82141,0.81096
02/14/22 00:00,1.5184,1.3865,0.83321,0.66229,0.90162,0.014493
02/14/22 01:00,2.2013,1.5075,1.0779,0.64284,0.4355,0.01699
02/14/22 02:00,2.0249,1.5379,1.3737,0.60052,0.042793,0.59552
02/14/22 03:00,1.7432,1.6096,1.4747,0.27016,0.0023035,1.0037
02/14/22 04:00,1.3186,1.3277,1.6388,0.40604,0.020505,1.0717
02/14/22 05:00,0.52917,1.5984,1.4143,0.42715,0.011755,0.98691
02/14/22 06:00,1.4199,2.8902,0.82114,0.15829,0.0022173,1.6451
02/14/22 07:00,0.65111,3.2757,0.60789,0.38932,-0.010935,2.9588
02/14/22 08:00,0.26113,2.5912,1.0434,0.016331,-0.012853,3.3749
02/14/22 09:00,0.70737,2.7869,0.81452,0.53487,0.077073,2.4593
02/14/22 10:00,0.28564,2.9836,0.62465,0.24023,0.20495,2.4004
02/14/22 11:00,0.52743,2.5999,0.84021,0.74825,0.27898,2.3629
02/14/22 12:00,1.3384,2.5514,0.84783,0.6884,0.31456,2.2496
02/14/22 13:00,1.356,1.2003,1.4411,0.60873,0.45593,1.5485
02/14/22 14:00,0.84903,0.85231,1.3594,0.40313,0.74806,0.75659
02/14/22 15:00,0.38357,1.445,1.3587,0.60718,0.3068,1.6945
02/14/22 16:00,1.8292,2.7625,0.85819,0.62837,0.063696,3.031
02/14/22 17:00,4.1414,4.4091,0.093808,0.44929,-0.078817,5.8677
02/14/22 18:00,2.5726,2.7915,1.0235,0.65451,-0.054294,4.2338
02/14/22 19:00,2.2087,2.6544,1.2034,0.56659,-0.055582,4.3528
02/14/22 20:00,4.5079,2.8448,0.97558,0.68611,-0.054872,4.0845
02/14/22 21:00,1.3587,2.1588,1.3437,0.28343,-0.035008,3.543
02/14/22 22:00,4.0157,2.4141,1.0111,0.55762,-0.040332,3.4888
02/14/22 23:00,2.6181,1.869,1.2895,0.59245,-0.0091993,2.052
02/15/22 00:00,3.0776,1.9603,1.278,0.55005,-0.0098426,1.985
02/15/22 01:00,5.9176,1.6074,1.4503,0.47871,-0.010994,1.3791
02/15/22 02:00,2.6502,1.1876,1.7026,0.61781,0.018312,0.70726
02/15/22 03:00,1.7453,0.78092,1.5991,0.59485,0.38491,0.54142
02/15/22 04:00,0.65314,0.26378,1.1217,0.28047,1.3293,0.36343
02/15/22 05:00,1.2165,0.7586,1.2259,0.56096,0.89852,0.11961
02/15/22 06:00,0.41201,0.25292,0.98524,0.43567,1.6235,0.15402
02/15/22 07:00,0.24071,0.32647,0.86256,0.31334,1.5962,0.25068
02/15/22 08:00,1.3347,0.52035,1.5623,0.29621,0.49897,0.35635
02/15/22 09:00,0.61602,0.49311,1.1577,0.37283,1.2393,0.15729
02/15/22 10:00,0.57094,0.53629,1.0397,0.36701,1.3054,0.21356
02/15/22 11:00,0.35929,0.40698,0.80485,0.38293,1.7508,0.12474
02/15/22 12:00,0.26084,0.35854,0.69125,0.092073,1.9968,0.12661
02/15/22 13:00,0.22867,0.19858,0.41575,0.25729,2.4341,0.074281
02/15/22 14:00,0.10087,0.16083,0.52516,0.24246,2.2907,-0.016793
02/15/22 15:00,-0.096549,0.14274,0.6106,-0.11434,2.1687,0.043432
02/15/22 16:00,0.028418,0.11442,0.41527,0.14247,2.4174,0.12505
02/15/22 17:00,0.10156,0.17616,-0.05807,0.1703,3.0775,0.90759
02/15/22 18:00,-0.13298,0.46943,0.88133,0.32627,1.4041,0.87181
02/15/22 19:00,0.63642,1.2183,1.0271,0.1005,0.7773,0.83898
02/15/22 20:00,2.5767,1.2522,1.5134,0.45875,0.019338,1.4397
02/15/22 21:00,2.3982,1.6857,1.5604,0.53568,-0.2,1.0018
02/15/22 22:00,1.8244,3.2698,-0.2,0.30335,0.89044,3.5002
02/15/22 23:00,0.88371,1.7607,1.5815,0.16517,-0.2,1.3116
02/16/22 00:00,1.024,1.5192,1.6894,0.47063,-0.2,0.53483
02/16/22 01:00,1.1676,1.5041,1.704,0.41692,-0.2,0.42274
02/16/22 02:00,1.0068,1.7219,1.6438,0.14458,-0.2,0.57653
02/16/22 03:00,0.53681,0.76493,1.3298,0.36947,0.7749,0.65393
02/16/22 04:00,0.47228,1.2807,1.4829,0.45128,0.26864,0.24657
02/16/22 05:00,0.52374,-0.1331,0.8396,0.33006,1.9707,0.73078
02/16/22 06:00,0.52398,-0.10158,1.3644,0.086871,1.3708,1.1103
02/16/22 07:00,0.44241,-0.2,0.12277,0.31585,3.0119,0.86752
02/16/22 08:00,0.28103,0.7685,1.5883,0.5717,0.51624,0.12135
02/16/22 09:00,0.24114,0.64464,1.1471,0.4446,1.1922,0.36268
02/16/22 10:00,0.46403,0.66897,1.4088,0.36433,0.84611,0.072623
02/16/22 11:00,0.26474,0.65771,1.7077,0.66178,0.45008,0.30599
02/16/22 12:00,0.25483,0.36425,1.1516,0.58262,1.3634,0.15369
02/16/22 13:00,0.18494,0.24438,0.78468,0.15174,1.9251,0.070959
02/16/22 14:00,0.11362,0.055897,0.32382,0.22733,2.7677,0.129
02/16/22 15:00,0.21739,0.15462,0.47937,0.1459,2.4579,-0.021682
02/16/22 16:00,0.0092071,0.081976,0.48552,0.12746,2.376,0.036176
02/16/22 17:00,0.073724,0.14345,0.39745,-0.048959,1.957,0.058525
02/16/22 18:00,0.41408,0.19615,0.14331,0.39639,2.5361,0.51742
02/16/22 19:00,-0.053207,0.43209,0.6741,0.32414,1.8502,0.39538
02/16/22 20:00,0.18669,0.48412,1.0865,0.42355,1.1171,-0.056256
02/16/22 21:00,0.58069,0.55244,0.87197,0.20954,1.5058,-0.04068
02/16/22 22:00,1.2173,0.38542,0.81742,0.44529,1.4512,-0.024488
02/16/22 23:00,0.83775,1.0645,1.4161,0.58994,0.13254,0.49926
02/17/22 00:00,0.70327,1.0621,1.3244,0.15132,0.35998,0.77947
02/17/22 01:00,0.51568,1.0859,1.7343,0.42283,-0.2,0.62212
02/17/22 02:00,0.25236,1.2208,1.7487,0.47553,-0.2,0.52853
02/17/22 03:00,0.25139,1.3079,1.6366,0.46183,-0.13307,0.36228
02/17/22 04:00,1.5745,2.3741,-0.2,0.076384,1.6356,1.6838
02/17/22 05:00,1.3574,2.0247,1.315,0.55582,-0.17494,0.52106
02/17/22 06:00,0.81197,1.7132,1.4714,0.4583,0.041174,0.4134
02/17/22 07:00,0.67824,2.0593,-0.17011,0.30584,1.9275,1.9524
02/17/22 08:00,0.65691,1.5343,0.9095,0.12135,1.0292,1.1554
02/17/22 09:00,1.4127,1.6171,0.7502,0.48242,1.0552,0.88721
02/17/22 10:00,0.55808,1.0588,1.3192,0.38126,0.52272,0.34402
02/17/22 11:00,0.85967,1.1367,1.4788,0.24387,0.42663,0.54761
02/17/22 12:00,0.71766,0.5751,0.87639,0.34006,1.5087,0.3852
02/17/22 13:00,0.64815,0.4362,1.0299,0.41069,1.6393,0.20788
02/17/22 14:00,0.28245,0.24738,0.54126,0.30711,2.4667,0.068151
02/17/22 15:00,0.13314,0.10558,0.26163,-0.056817,2.8313,0.061284
02/17/22 16:00,0.30315,0.038119,0.11343,0.26159,3.0931,0.0082545
02/17/22 17:00,0.33558,0.0804,0.071103,0.28749,3.1258,0.038582
02/17/22 18:00,0.32244,0.073863,0.12572,0.35707,3.0653,-0.015361
02/17/22 19:00,0.088389,0.06064,0.21591,-0.0031925,2.993,0.037654
02/17/22 20:00,0.27285,0.059041,0.22568,0.35518,2.9073,0.041352
02/17/22 21:00,0.21984,0.031144,0.21108,0.32157,2.9369,0.038924
02/17/22 22:00,0.085081,0.066175,0.14073,0.043854,2.8886,0.18817
02/17/22 23:00,0.12027,-0.017095,0.19825,0.22614,2.965,0.064524
02/18/22 00:00,0.13064,0.0079665,0.24744,0.24582,2.8901,0.025266
02/18/22 01:00,0.11048,0.063859,0.36575,0.26328,2.3623,-0.0032053
02/18/22 02:00,-0.053589,0.076575,0.56677,0.00044306,2.0631,0.052314
02/18/22 03:00,0.068815,0.15024,0.68388,0.41975,1.8273,0.011301
02/18/22 04:00,0.72997,0.58682,1.3787,0.54566,0.7603,-0.17931
02/18/22 05:00,0.25703,0.73405,1.8991,0.60653,-0.1065,-0.093189
02/18/22 06:00,-0.10001,0.38114,0.95023,0.12598,1.4799,0.011368
02/18/22 07:00,0.76931,0.63312,0.9387,0.37101,1.508,0.69894
02/18/22 08:00,0.38841,0.22814,1.0559,0.26749,1.5436,0.72823
02/18/22 09:00,-0.10517,0.2129,0.77391,-0.0603,1.8856,0.088301
02/18/22 10:00,0.17926,0.16435,0.36533,0.33212,2.5226,0.072115
02/18/22 11:00,0.16947,0.098192,-0.2,0.54427,3.4048,0.64369
02/18/22 12:00,-0.2,0.059345,0.21975,-0.085837,2.8469,0.15006
02/18/22 13:00,0.10191,0.023985,0.026287,0.96166,3.0874,-0.070131
02/18/22 14:00,0.31138,-0.025399,0.11505,0.722,3.0525,-0.040975
02/18/22 15:00,-0.005034,-0.003437,0.20539,0.36984,2.9888,0.066674
02/18/22 16:00,-0.19697,0.090399,0.53205,-0.2,2.4061,0.1051
02/18/22 17:00,-0.089117,0.17106,0.65331,0.32277,2.197,-0.076064
02/18/22 18:00,-0.083532,0.14412,0.38284,0.28728,2.5512,0.044774
02/18/22 19:00,-0.10362,0.10108,0.23711,0.20333,2.7035,0.31338
02/18/22 20:00,-0.12449,0.22513,-0.2,0.039189,3.1727,1.1422
02/18/22 21:00,-0.2,0.31702,0.88789,0.73596,1.4942,0.33773
02/18/22 22:00,0.83856,1.1518,1.2604,0.7174,0.58625,0.50542
02/18/22 23:00,0.55723,1.0698,1.7486,0.27229,0.081045,0.64582
02/19/22 00:00,0.74911,0.57501,0.70041,0.36425,1.7486,1.1927
02/19/22 01:00,1.6549,1.0963,1.688,0.64165,-0.045857,1.0952
02/19/22 02:00,0.5573,1.2422,1.7657,0.56176,-0.2,1.1887
02/19/22 03:00,-0.072063,1.3282,1.7738,0.14718,-0.2,0.87331
02/19/22 04:00,2.016,1.5546,1.7174,0.67649,-0.2,0.84837
02/20/22 18:00,1.7163,1.8144,2.2181,0.47968,0.3565,2.4086
02/20/22 19:00,3.0701,1.4647,-0.2,0.94529,2.5478,3.9584
02/20/22 20:00,3.0694,2.2824,1.0844,1.2252,-0.054081,4.2636
02/20/22 21:00,2.1968,1.5216,1.6054,0.92242,-0.055099,3.6053
02/20/22 22:00,2.4511,2.3889,1.1562,0.72667,-0.05813,3.3631
02/20/22 23:00,2.8167,1.2547,1.7195,1.05,-0.029253,2.1245
02/21/22 00:00,1.0568,1.1859,1.7504,0.98152,-0.0071473,1.4421
02/21/22 01:00,0.61681,1.0952,1.7604,0.45497,0.12014,0.53473
02/21/22 02:00,0.62859,0.96967,1.8815,0.98271,0.0064843,0.59589
02/21/22 03:00,0.18474,0.75464,2.0163,0.89226,0.014876,0.34589
02/21/22 04:00,0.185,0.82755,1.8612,0.93561,0.11693,0.2839
02/21/22 05:00,0.11323,0.87202,1.7722,0.46267,0.10927,0.5316
02/21/22 06:00,0.66717,0.89504,1.8649,1.0418,0.040565,0.39705
02/21/22 07:00,0.18901,0.57961,1.6247,0.85182,0.55963,0.2143
02/21/22 08:00,0.40578,0.6,1.8416,0.75751,0.32864,0.091714
02/21/22 09:00,1.0737,1.3119,1.4341,0.91387,0.35019,0.61736
02/21/22 10:00,1.2051,0.56989,1.529,1.0393,0.78092,0.44545
02/21/22 13:00,1.4576,0.019015,0.29301,0.64893,2.7504,-0.022339
02/21/22 14:00,1.7669,0.059077,0.44128,0.54182,2.4852,0.023539
02/21/22 15:00,3.0927,0.0233,0.56981,0.71073,2.1256,0.23478
02/21/22 16:00,0.76159,0.16565,1.0159,0.59039,1.6508,0.20391
02/21/22 17:00,-0.086008,-0.042652,1.4641,0.80663,1.1766,1.0531
02/21/22 18:00,0.73991,-0.14685,1.4776,0.66616,1.0512,0.69069
02/21/22 19:00,1.0232,0.26452,1.1136,0.53838,1.4093,0.35493
02/21/22 20:00,1.1286,0.021719,0.67368,1.2484,2.1542,-0.037948
02/21/22 21:00,0.57321,0.16909,0.73075,0.84337,2.0766,0.015256
02/21/22 22:00,0.45662,0.38155,1.2736,0.88522,1.2856,0.17156
02/21/22 23:00,1.1465,0.26628,1.0993,0.68672,1.4771,0.20653
02/22/22 00:00,0.55909,0.34255,0.92968,0.91052,1.6107,0.082856
02/22/22 01:00,0.62186,0.47173,1.4836,0.87844,0.9177,0.065279
02/22/22 02:00,0.2752,0.46888,1.717,0.79707,0.61601,0.063813
02/22/22 03:00,0.14736,0.46243,1.5229,0.74494,0.818,-0.01422
02/22/22 07:00,0.59435,0.7977,2.113,0.75767,-0.2,0.61508
02/22/22 08:00,1.7364,0.49931,1.9103,0.72862,0.09374,0.84273
02/22/22 09:00,0.32415,0.097202,0.52498,0.46858,2.3249,0.35388
02/22/22 10:00,0.65907,-0.11531,0.35753,0.35081,2.6656,0.15536
02/22/22 11:00,0.41854,-0.070716,0.11228,0.27892,2.852,0.48433
02/22/22 12:00,0.4817,-0.069249,0.24115,0.25617,2.7163,0.13613
02/22/22 13:00,0.63349,0.010599,0.70416,0.28803,2.2362,0.29429
02/22/22 14:00,0.2351,-0.018542,0.41498,0.080369,2.5315,0.29285
02/22/22 15:00,0.18571,-0.08611,0.29078,-0.092118,2.7391,0.29788
02/22/22 16:00,0.17728,0.047989,0.57958,-0.0049989,2.274,0.36534
02/22/22 17:00,-0.0043121,0.36042,1.555,0.15743,0.7321,1.076
02/22/22 18:00,0.98,0.36736,1.3566,0.14676,0.95563,0.81975
02/22/22 19:00,0.08549,0.017163,0.74104,-0.11573,2.0589,0.22469
02/22/22 20:00,0.15322,0.027763,0.51107,-0.11488,2.1868,0.18006
02/22/22 21:00,0.17836,0.014904,0.48901,-0.087891,2.3332,0.098532
02/22/22 22:00,0.15549,-0.058042,0.31992,-0.051089,2.4638,0.098095
02/22/22 23:00,0.18354,-0.083857,0.27578,-0.038509,2.5205,0.10411
02/23/22 00:00,0.18046,-0.044957,0.31681,-0.062502,2.4543,0.071029
02/23/22 01:00,0.041629,0.35571,1.1634,0.012228,1.0956,0.094882
02/23/22 02:00,0.05827,0.33215,1.5107,0.25583,0.71553,0.30752
02/23/22 03:00,0.081694,0.44091,1.6966,0.29159,0.44802,0.29503
02/23/22 04:00,-0.064616,0.5967,1.8338,0.38981,0.095104,0.55371
02/23/22 05:00,0.20291,0.48897,1.8677,0.37565,0.048152,1.007
02/23/22 06:00,-0.050972,0.75603,1.8959,0.40164,-0.022536,2.265
02/23/22 07:00,-0.18844,0.48513,2.0674,0.52683,-0.044363,3.7045
02/23/22 08:00,-0.18961,1.2356,1.8785,0.34802,-0.049377,3.7734
02/23/22 11:00,0.16577,-0.2,2.3509,1.076,0.47721,1.65
02/23/22 12:00,0.095883,0.84702,1.9068,1.3967,-0.2,2.1938
02/23/22 13:00,0.012878,0.5979,2.0517,1.0303,-0.2,0.5785
02/23/22 14:00,0.094923,0.70915,1.3521,1.0058,0.57314,2.7579
02/23/22 15:00,0.37081,0.6206,1.3955,0.89401,0.66366,1.2629
02/23/22 16:00,0.12619,0.83171,1.6948,1.1541,0.13186,3.6428
02/23/22 17:00,0.19532,1.3733,1.5568,1.3458,-0.10889,8.3677
02/23/22 18:00,0.60215,1.4732,1.5767,1.2631,-0.14344,8.3231
02/23/22 19:00,0.79928,2.7319,0.97454,1.2578,-0.17261,10.108
02/24/22 00:00,0.75021,1.0937,1.7477,0.3522,-0.050202,4.5286
02/24/22 01:00,0.73067,0.82778,1.8396,0.68566,-0.036855,3.525
02/24/22 02:00,0.15317,0.93607,1.7451,0.76841,-0.034007,3.4119
02/24/22 03:00,0.25399,0.9318,1.6576,0.26953,-0.018607,2.9135
02/24/22 04:00,0.57021,0.81903,1.9247,0.61846,-0.037766,2.9473
02/24/22 05:00,0.8693,0.89169,1.7255,0.63551,-0.017084,2.3756
02/24/22 06:00,0.4959,0.9187,1.7396,0.61102,-0.020452,2.7173
02/24/22 07:00,2.5879,1.157,1.7173,0.27326,-0.020996,3.1652
02/24/22 08:00,2.9483,1.4773,1.5338,0.70554,-0.017349,3.7659
02/24/22 09:00,1.8784,1.8361,1.3971,0.72395,-0.0060871,3.7736
02/24/22 10:00,2.4901,1.387,1.6075,0.84373,0.051667,3.5328
02/24/22 11:00,0.97699,-0.2,2.8437,0.84539,0.18642,3.0547
02/24/22 12:00,-0.11216,-0.2,3.739,1.223,0.32093,2.8787
02/24/22 13:00,-0.095424,-0.2,2.9303,1.0803,0.37918,1.9349
02/24/22 14:00,0.13708,-0.2,2.7232,0.89687,0.50002,2.3668
02/24/22 15:00,-0.13899,-0.2,3.0626,1.0455,0.46476,2.1767
02/24/22 18:00,1.023,2.1282,1.4579,0.37101,-0.1497,8.9994
02/24/22 19:00,-0.2,2.3723,1.3719,0.74655,-0.2,12.614
02/24/22 20:00,0.09943,1.5565,1.6785,0.96752,-0.15952,10.348
02/24/22 21:00,0.39125,1.3759,1.6375,0.95047,-0.12063,8.7611
02/24/22 22:00,2.0405,1.3214,1.6259,0.7514,-0.1241,8.8287
02/24/22 23:00,0.72107,1.2914,1.6555,0.50728,-0.089906,7.0828
02/25/22 00:00,2.9735,1.1369,1.6852,0.88534,-0.061344,5.6582
02/25/22 01:00,2.3839,0.98875,1.7233,0.68027,-0.033737,4.3206
02/25/22 02:00,1.6011,0.76148,1.7725,0.33259,-0.0095229,2.8464
02/25/22 03:00,0.16236,0.55293,1.926,0.46104,-0.0097625,1.5083
02/25/22 04:00,0.51294,0.6884,1.8956,0.52809,-0.0024728,1.9559
02/25/22 05:00,0.76069,0.64245,1.8357,0.46726,0.020046,1.7327
02/25/22 06:00,-0.1099,0.48978,2.0263,0.17196,0.0027057,1.3091
02/25/22 07:00,0.50263,0.67613,1.8766,0.52421,-0.023347,3.4158
02/25/22 08:00,2.72,0.72396,1.8753,0.45236,0.018004,3.2848
02/25/22 09:00,2.9099,0.36653,1.9143,0.57813,0.11418,2.3988
02/25/22 10:00,1.1724,0.57965,1.9398,0.58901,0.20519,2.1454
02/25/22 11:00,0.80627,0.41153,1.4759,0.79417,0.98412,3.2625
02/25/22 12:00,0.35291,0.23759,0.85355,0.65519,2.0312,0.25086